ASN00066078,20260101,PRCP,16,,,a,
ASN00066098,20260101,PRCP,38,,,a,
ASN00066120,20260101,PRCP,70,,,a,
ASN00066124,20260101,TMAX,215,,,a,
ASN00066124,20260101,TMIN,170,,,a,
ASN00066124,20260101,PRCP,64,,,a,
ASN00066126,20260101,PRCP,30,,,a,
ASN00065111,20260101,TMAX,319,,,a,
ASN00065111,20260101,TMIN,169,,,a,
ASN00065111,20260101,PRCP,0,,,a,
ASN00065112,20260101,PRCP,0,,,a,
ASN00065113,20260101,PRCP,0,,,a,
ASN00066006,20260101,PRCP,25,,,a,
ASN00066011,20260101,PRCP,60,,,a,
ASN00066013,20260101,PRCP,36,,,a,
ASN00066014,20260101,PRCP,60,,,a,
ASN00066034,20260101,PRCP,90,,,a,
ASN00066036,20260101,PRCP,0,,,a,
ASN00066037,20260101,TMAX,206,,,a,
ASN00066037,20260101,TMIN,177,,,a,
ASN00066037,20260101,PRCP,16,,,a,
ASN00066048,20260101,PRCP,48,,,a,
ASN00066052,20260101,PRCP,54,,,a,
ASN00066058,20260101,PRCP,50,,,a,
ASN00066059,20260101,TMAX,190,,,a,
ASN00066059,20260101,TMIN,163,,,a,
ASN00066059,20260101,PRCP,32,,,a,
ASN00065020,20260101,PRCP,0,,,a,
ASN00065022,20260101,PRCP,16,,,a,
ASN00065030,20260101,PRCP,12,,,a,
ASN00065034,20260101,TMAX,346,,,a,
ASN00065034,20260101,TMIN,150,,,a,
ASN00065034,20260101,PRCP,0,,,a,
ASN00065041,20260101,PRCP,0,,,a,
ASN00065068,20260101,TMAX,335,,,a,
ASN00065068,20260101,TMIN,128,,,a,
ASN00065068,20260101,PRCP,0,,,a,
ASN00065070,20260101,TMAX,353,,,a,
ASN00065070,20260101,TMIN,165,,,a,
ASN00065070,20260101,PRCP,2,,,a,
ASN00065096,20260101,PRCP,0,,,a,
ASN00065098,20260101,PRCP,14,,,a,
ASN00065103,20260101,TMAX,345,,,a,
ASN00065103,20260101,TMIN,156,,,a,
ASN00065103,20260101,PRCP,0,,,a,
ASN00064008,20260101,TMAX,339,,,a,
ASN00064008,20260101,TMIN,111,,,a,
ASN00064008,20260101,PRCP,8,,,a,
ASN00064010,20260101,PRCP,0,,,a,
ASN00064015,20260101,PRCP,0,,,a,
ASN00064017,20260101,TMAX,322,,,a,
ASN00064024,20260101,PRCP,8,,,a,
ASN00064025,20260101,PRCP,24,,,a,
ASN00064027,20260101,PRCP,0,,,a,
ASN00064029,20260101,PRCP,10,,,a,
ASN00064050,20260101,PRCP,0,,,a,
ASN00065000,20260101,PRCP,0,,,a,
ASN00048025,20260101,PRCP,0,,,a,
ASN00048027,20260101,TMAX,342,,,a,
ASN00048027,20260101,TMIN,156,,,a,
ASN00048027,20260101,PRCP,0,,,a,
ASN00048027,20260101,TAVG,265,H,,2,
ASN00048079,20260101,TMAX,372,,,a,
ASN00048079,20260101,TMIN,240,,,a,
ASN00048079,20260101,PRCP,0,,,a,
ASN00061143,20260101,PRCP,0,,,a,
ASN00061146,20260101,PRCP,16,,,a,
ASN00061151,20260101,PRCP,0,,,a,
ASN00061170,20260101,PRCP,0,,,a,
ASN00061191,20260101,PRCP,0,,,a,
ASN00049132,20260101,PRCP,0,,,a,
ASN00050008,20260101,PRCP,0,,,a,
ASN00050011,20260101,PRCP,0,,,a,
ASN00050017,20260101,TMAX,333,,,a,
ASN00050017,20260101,TMIN,156,,,a,
ASN00050017,20260101,PRCP,0,,,a,
ASN00050031,20260101,TMAX,362,,,a,
ASN00050031,20260101,TMIN,159,,,a,
ASN00050031,20260101,PRCP,0,,,a,
ASN00050035,20260101,PRCP,0,,,a,
ASN00050036,20260101,PRCP,0,,,a,
ASN00050037,20260101,PRCP,0,,,a,
ASN00061056,20260101,PRCP,0,,,a,
ASN00061065,20260101,PRCP,10,,,a,
ASN00061071,20260101,PRCP,0,,,a,
ASN00061078,20260101,TMAX,247,,,a,
ASN00061078,20260101,TMIN,148,,,a,
ASN00061078,20260101,PRCP,0,,,a,
ASN00061092,20260101,PRCP,0,,,a,
ASN00061093,20260101,PRCP,50,,,a,
ASN00061095,20260101,PRCP,3,,,a,
ASN00061100,20260101,PRCP,0,,,a,
ASN00061106,20260101,PRCP,0,,,a,
ASN00061119,20260101,PRCP,0,,,a,
ASN00060141,20260101,TMAX,277,,,a,
ASN00060141,20260101,TMIN,170,,,a,
ASN00060141,20260101,PRCP,0,,,a,
ASN00060146,20260101,PRCP,10,,,a,
ASN00060147,20260101,PRCP,10,,,a,
ASN00060148,20260101,PRCP,0,,,a,
ASN00061010,20260101,PRCP,0,,,a,
ASN00061012,20260101,PRCP,0,,,a,
ASN00061014,20260101,PRCP,18,,,a,
ASN00061017,20260101,PRCP,0,,,a,
ASN00061024,20260101,PRCP,0,,,a,
ASN00061031,20260101,PRCP,0,,,a,
ASN00061041,20260101,PRCP,0,,,a,
ASN00061055,20260101,TMAX,226,,,a,
ASN00061055,20260101,TMIN,185,,,a,
ASN00061055,20260101,PRCP,0,,,a,
ASN00058068,20260101,PRCP,0,,,a,
ASN00058070,20260101,PRCP,0,,,a,
ASN00058073,20260101,PRCP,0,,,a,
ASN00058077,20260101,TMAX,306,,,a,
ASN00058077,20260101,TMIN,181,,,a,
ASN00058077,20260101,PRCP,0,,,a,
ASN00058079,20260101,PRCP,0,,,a,
ASN00058080,20260101,PRCP,0,,,a,
ASN00058099,20260101,PRCP,0,,,a,
ASN00058102,20260101,PRCP,0,,,a,
ASN00058113,20260101,PRCP,12,,,a,
ASN00058127,20260101,PRCP,0,,,a,
ASN00057079,20260101,PRCP,0,,,a,
ASN00057085,20260101,PRCP,110,,,a,
ASN00057091,20260101,PRCP,0,,,a,
ASN00057093,20260101,PRCP,0,,,a,
ASN00057095,20260101,TMAX,276,,,a,
ASN00057095,20260101,TMIN,154,,,a,
ASN00057095,20260101,PRCP,10,,,a,
ASN00057103,20260101,PRCP,0,,,a,
ASN00057119,20260101,PRCP,0,,,a,
ASN00057123,20260101,PRCP,0,,,a,
ASN00056229,20260101,TMAX,271,,,a,
ASN00056229,20260101,TMIN,94,,,a,
ASN00056229,20260101,PRCP,0,,,a,
ASN00056234,20260101,PRCP,0,,,a,
ASN00056236,20260101,PRCP,0,,,a,
ASN00056237,20260101,PRCP,0,,,a,
ASN00056238,20260101,TMAX,281,,,a,
ASN00056238,20260101,TMIN,119,,,a,
ASN00056238,20260101,PRCP,0,,,a,
ASN00056239,20260101,PRCP,20,,,a,
ASN00056240,20260101,PRCP,0,,,a,
ASN00056242,20260101,TMAX,321,,,a,
ASN00056242,20260101,TMIN,132,,,a,
ASN00056242,20260101,PRCP,0,,,a,
ASN00056243,20260101,TMAX,280,,,a,
ASN00056243,20260101,TMIN,97,,,a,
ASN00056243,20260101,PRCP,0,,,a,
ASN00057003,20260101,PRCP,13,,,a,
ASN00057005,20260101,PRCP,0,,,a,
ASN00057014,20260101,PRCP,0,,,a,
ASN00057020,20260101,PRCP,18,,,a,
ASN00057023,20260101,PRCP,0,,,a,
ASN00057035,20260101,PRCP,0,,,a,
ASN00056176,20260101,PRCP,0,,,a,
ASN00056202,20260101,PRCP,4,,,a,
ASN00056207,20260101,PRCP,40,,,a,
ASN00056094,20260101,PRCP,0,,,a,
ASN00056100,20260101,PRCP,0,,,a,
ASN00056111,20260101,PRCP,0,,,a,
ASN00056141,20260101,PRCP,2,,,a,
AGM00060550,20260101,TMAX,100,H,,2,
AGM00060550,20260101,TMIN,28,H,,2,
AGM00060550,20260101,TAVG,64,H,,2,
ASN00021102,20260101,PRCP,0,,,a,
ASN00021104,20260101,PRCP,0,,,a,
ASN00021110,20260101,PRCP,0,,,a,
ASN00021120,20260101,PRCP,0,,,a,
ASN00021123,20260101,PRCP,0,,,a,
ASN00021127,20260101,PRCP,0,,,a,
ASN00021131,20260101,TMAX,294,,,a,
ASN00021131,20260101,TMIN,114,,,a,
ASN00021131,20260101,PRCP,0,,,a,
ASN00021133,20260101,TMAX,306,,,a,
ASN00021133,20260101,TMIN,77,,,a,
ASN00021133,20260101,PRCP,0,,,a,
ASN00022003,20260101,PRCP,0,,,a,
ASN00022008,20260101,PRCP,0,,,a,
ASN00022008,20260101,DATX,2,,,a,
ASN00022008,20260101,MDTX,265,,,a,
ASN00022009,20260101,PRCP,0,,,a,
ASN00022010,20260101,PRCP,0,,,a,
ASN00022011,20260101,PRCP,0,,,a,
ASN00022012,20260101,PRCP,0,,,a,
ASN00022013,20260101,PRCP,0,,,a,
ASN00022014,20260101,PRCP,0,,,a,
ASN00022017,20260101,PRCP,0,,,a,
ASN00022020,20260101,PRCP,0,,,a,
ASN00022022,20260101,PRCP,0,,,a,
ASN00022023,20260101,PRCP,0,,,a,
ASN00020043,20260101,PRCP,0,,,a,
ASN00020050,20260101,PRCP,0,,,a,
ASN00020053,20260101,PRCP,0,,,a,
ASN00020055,20260101,PRCP,0,,,a,
ASN00020059,20260101,PRCP,0,,,a,
ASN00020062,20260101,TMAX,309,,,a,
ASN00020062,20260101,TMIN,108,,,a,
ASN00020062,20260101,PRCP,0,,,a,
ASN00021001,20260101,PRCP,0,,,a,
ASN00021002,20260101,PRCP,0,,,a,
ASN00021003,20260101,PRCP,0,,,a,
ASN00021007,20260101,PRCP,0,,,a,
ASN00021010,20260101,PRCP,0,,,a,
ASN00021012,20260101,PRCP,0,,,a,
ASN00021015,20260101,PRCP,0,,,a,
ASN00021019,20260101,PRCP,0,,,a,
ASN00021020,20260101,PRCP,0,,,a,
ASN00021021,20260101,PRCP,0,,,a,
ASN00021022,20260101,PRCP,0,,,a,
ASN00021029,20260101,PRCP,0,,,a,
ASN00021031,20260101,PRCP,0,,,a,
ASN00019106,20260101,PRCP,0,,,a,
ASN00019107,20260101,PRCP,0,,,a,
ASN00019108,20260101,PRCP,0,,,a,
ASN00019111,20260101,PRCP,0,,,a,
ASN00019113,20260101,PRCP,0,,,a,
ASN00019114,20260101,PRCP,0,,,a,
ASN00019115,20260101,PRCP,0,,,a,
ASN00019116,20260101,PRCP,0,,,a,
ASN00019117,20260101,PRCP,0,,,a,
ASN00020000,20260101,PRCP,0,,,a,
ASN00020001,20260101,PRCP,0,,,a,
ASN00020010,20260101,PRCP,0,,,a,
ASN00020013,20260101,PRCP,0,,,a,
ASN00020017,20260101,PRCP,0,,,a,
ASN00020020,20260101,PRCP,0,,,a,
ASN00020022,20260101,PRCP,0,,,a,
ASN00020025,20260101,PRCP,0,,,a,
ASN00020028,20260101,TMAX,306,,,a,
ASN00020028,20260101,TMIN,113,,,a,
ASN00020028,20260101,PRCP,0,,,a,
ASN00021033,20260101,PRCP,0,,,a,
ASN00021036,20260101,PRCP,0,,,a,
ASN00021042,20260101,PRCP,0,,,a,
ASN00021050,20260101,PRCP,0,,,a,
ASN00021057,20260101,PRCP,0,,,a,
ASN00021059,20260101,PRCP,0,,,a,
ASN00021062,20260101,PRCP,0,,,a,
ASN00021067,20260101,PRCP,0,,,a,
ASN00021072,20260101,PRCP,0,,,a,
ASN00021075,20260101,PRCP,0,,,a,
ASN00021076,20260101,PRCP,0,,,a,
ASN00021077,20260101,PRCP,0,,,a,
ASN00019025,20260101,PRCP,0,,,a,
ASN00019031,20260101,PRCP,0,,,a,
ASN00019032,20260101,PRCP,0,,,a,
ASN00019034,20260101,PRCP,0,,,a,
ASN00019037,20260101,PRCP,0,,,a,
ASN00019038,20260101,PRCP,0,,,a,
ASN00019042,20260101,PRCP,0,,,a,
ASN00019043,20260101,PRCP,0,,,a,
ASN00019046,20260101,PRCP,0,,,a,
ASN00019047,20260101,PRCP,0,,,a,
ASN00019048,20260101,PRCP,0,,,a,
ASN00019052,20260101,PRCP,0,,,a,
ASN00019057,20260101,PRCP,0,,,a,
ASN00019061,20260101,PRCP,0,,,a,
ASN00019062,20260101,PRCP,0,,,a,
ASN00018165,20260101,PRCP,0,,,a,
ASN00018166,20260101,PRCP,0,,,a,
ASN00018171,20260101,PRCP,0,,,a,
ASN00018172,20260101,PRCP,0,,,a,
ASN00018174,20260101,PRCP,0,,,a,
ASN00018176,20260101,PRCP,0,,,a,
ASN00018177,20260101,PRCP,0,,,a,
ASN00018182,20260101,PRCP,0,,,a,
ASN00018184,20260101,PRCP,0,,,a,
ASN00018188,20260101,PRCP,0,,,a,
ASN00018189,20260101,PRCP,0,,,a,
ASN00018190,20260101,PRCP,0,,,a,
ASN00018192,20260101,TMAX,233,,,a,
ASN00018192,20260101,TMIN,143,,,a,
ASN00018192,20260101,PRCP,0,,,a,
ASN00018193,20260101,PRCP,0,,,a,
ASN00018195,20260101,TMAX,328,,,a,
ASN00018195,20260101,TMIN,101,,,a,
ASN00018195,20260101,PRCP,0,,,a,
ASN00018201,20260101,TMAX,325,,,a,
ASN00018201,20260101,TMIN,152,,,a,
ASN00018201,20260101,PRCP,0,,,a,
ASN00018203,20260101,PRCP,0,,,a,
ASN00018209,20260101,PRCP,0,,,a,
ASN00019001,20260101,PRCP,0,,,a,
ASN00019005,20260101,PRCP,0,,,a,
ASN00019006,20260101,PRCP,0,,,a,
ASN00019008,20260101,PRCP,0,,,a,
ASN00019010,20260101,PRCP,0,,,a,
ASN00019012,20260101,PRCP,0,,,a,
ASN00019013,20260101,PRCP,0,,,a,
ASN00019017,20260101,TMAX,335,,,a,
ASN00019017,20260101,TMIN,157,,,a,
ASN00019017,20260101,PRCP,0,,,a,
ASN00019018,20260101,PRCP,0,,,a,
ASN00018106,20260101,TMAX,235,,,a,
ASN00018106,20260101,TMIN,155,,,a,
ASN00018106,20260101,PRCP,0,,,a,
ASN00018107,20260101,PRCP,0,,,a,
ASN00018113,20260101,PRCP,0,,,a,
ASN00018115,20260101,TMAX,215,H,,2,
ASN00018115,20260101,TMIN,153,H,,2,
ASN00018115,20260101,TAVG,181,H,,2,
ASN00018116,20260101,TMAX,250,,,a,
ASN00018116,20260101,TMIN,122,,,a,
ASN00018116,20260101,PRCP,0,,,a,
ASN00018120,20260101,TMAX,283,,,a,
ASN00018120,20260101,TMIN,165,,,a,
ASN00018120,20260101,PRCP,0,,,a,
ASN00018137,20260101,PRCP,0,,,a,
ASN00018144,20260101,PRCP,0,,,a,
ASN00018037,20260101,PRCP,0,,,a,
ASN00018040,20260101,TMAX,312,,,a,
ASN00018040,20260101,PRCP,0,,,a,
ASN00018043,20260101,PRCP,0,,,a,
ASN00018044,20260101,PRCP,0,,,a,
ASN00018044,20260101,DATX,2,,,a,
ASN00018044,20260101,MDTX,330,,,a,
ASN00018045,20260101,PRCP,0,,,a,
ASN00018046,20260101,PRCP,0,,,a,
ASN00018047,20260101,PRCP,0,,,a,
ASN00018063,20260101,PRCP,0,,,a,
ASN00018069,20260101,PRCP,0,,,a,
ASN00018069,20260101,DATX,3,,,a,
ASN00018069,20260101,MDTX,242,,,a,
ASN00018077,20260101,PRCP,0,,,a,
ASN00018079,20260101,TMAX,281,,,a,
ASN00018079,20260101,TMIN,98,,,a,
ASN00018079,20260101,PRCP,0,,,a,
ASN00018083,20260101,TMAX,316,,,a,
ASN00018083,20260101,TMIN,95,,,a,
ASN00018083,20260101,PRCP,0,,,a,
ASN00018086,20260101,PRCP,0,,,a,
ASN00018091,20260101,PRCP,0,,,a,
ASN00018094,20260101,PRCP,0,,,a,
ASN00018098,20260101,PRCP,0,,,a,
ASN00018099,20260101,PRCP,0,,,a,
ASN00017110,20260101,TMAX,367,,,a,
ASN00017110,20260101,TMIN,220,,,a,
ASN00017110,20260101,PRCP,0,,,a,
ASN00017119,20260101,PRCP,0,,,a,
ASN00017123,20260101,TMAX,389,,,a,
ASN00017123,20260101,TMIN,245,,,a,
ASN00017123,20260101,PRCP,0,,,a,
ASN00017126,20260101,TMAX,390,,,a,
ASN00017126,20260101,TMIN,212,,,a,
ASN00017126,20260101,PRCP,0,,,a,
ASN00017130,20260101,PRCP,0,,,a,
ASN00017131,20260101,PRCP,0,,,a,
ASN00018001,20260101,PRCP,0,,,a,
ASN00018005,20260101,PRCP,0,,,a,
ASN00018007,20260101,PRCP,0,,,a,
ASN00018012,20260101,TMAX,243,,,a,
ASN00018012,20260101,TMIN,117,,,a,
ASN00018012,20260101,PRCP,0,,,a,
ASN00018014,20260101,TMAX,259,,,a,
ASN00018014,20260101,TMIN,129,,,a,
ASN00018014,20260101,PRCP,0,,,a,
ASN00018019,20260101,PRCP,0,,,a,
ASN00018023,20260101,PRCP,0,,,a,
ASN00018024,20260101,PRCP,0,,,a,
ASN00018033,20260101,PRCP,0,,,a,
ASN00018034,20260101,PRCP,0,,,a,
ASN00017043,20260101,TMAX,407,,,a,
ASN00017043,20260101,TMIN,228,,,a,
ASN00017043,20260101,PRCP,0,,,a,
ASN00017055,20260101,PRCP,0,,,a,
ASN00017058,20260101,PRCP,0,,,a,
ASN00017089,20260101,PRCP,0,,,a,
ASN00017099,20260101,TMAX,328,,,a,
ASN00017099,20260101,TMIN,192,,,a,
ASN00017099,20260101,PRCP,0,,,a,
ASN00016082,20260101,PRCP,0,,,a,
ASN00016090,20260101,TMAX,381,,,a,
ASN00016090,20260101,TMIN,196,,,a,
ASN00016090,20260101,PRCP,0,,,a,
ASN00016095,20260101,PRCP,0,,,a,
ASN00016096,20260101,TMAX,371,,,a,
ASN00016096,20260101,TMIN,175,,,a,
ASN00016096,20260101,PRCP,0,,,a,
ASN00016097,20260101,TMAX,365,,,a,
ASN00016097,20260101,TMIN,209,,,a,
ASN00016097,20260101,PRCP,0,,,a,
ASN00016098,20260101,TMAX,369,,,a,
ASN00016098,20260101,TMIN,177,,,a,
ASN00016098,20260101,PRCP,0,,,a,
ASN00017004,20260101,PRCP,0,,,a,
ASN00017014,20260101,PRCP,0,,,a,
ASN00017024,20260101,PRCP,0,,,a,
ASN00017037,20260101,PRCP,0,,,a,
ASN00016021,20260101,PRCP,0,,,a,
ASN00016024,20260101,PRCP,0,,,a,
ASN00016027,20260101,PRCP,0,,,a,
ASN00016030,20260101,PRCP,0,,,a,
ASN00016034,20260101,PRCP,0,,,a,
ASN00016043,20260101,PRCP,0,,,a,
ASN00016047,20260101,PRCP,0,,,a,
ASN00016055,20260101,PRCP,0,,,a,
ASN00016059,20260101,PRCP,0,,,a,
ASN00016065,20260101,TMAX,372,,,a,
ASN00016065,20260101,TMIN,190,,,a,
ASN00016065,20260101,PRCP,0,,,a,
ASN00016067,20260101,TMAX,350,,,a,
ASN00016067,20260101,TMIN,115,,,a,
ASN00016067,20260101,PRCP,0,,,a,
ASN00015616,20260101,PRCP,0,,,a,
ASN00015619,20260101,PRCP,0,,,a,
ASN00015623,20260101,PRCP,0,,,a,
ASN00015626,20260101,PRCP,0,,,a,
ASN00015631,20260101,PRCP,0,,,a,
ASN00015633,20260101,PRCP,0,,,a,
ASN00015635,20260101,TMAX,398,,,a,
ASN00015635,20260101,TMIN,247,,,a,
ASN00015635,20260101,PRCP,0,,,a,
ASN00015643,20260101,TMAX,381,,,a,
ASN00015643,20260101,TMIN,237,,,a,
ASN00015643,20260101,PRCP,0,,,a,
ASN00015652,20260101,PRCP,0,,,a,
ASN00015653,20260101,PRCP,0,,,a,
ASN00015661,20260101,PRCP,0,,,a,
ASN00015664,20260101,TMAX,395,,,a,
ASN00015664,20260101,TMIN,241,,,a,
ASN00015664,20260101,PRCP,4,,,a,
ASN00015666,20260101,TMAX,383,,,a,
ASN00015666,20260101,TMIN,270,,,a,
ASN00015666,20260101,PRCP,0,,,a,
ASN00015673,20260101,PRCP,0,,,a,
ASN00016001,20260101,TMAX,351,,,a,
ASN00016001,20260101,TMIN,157,,,a,
ASN00016001,20260101,PRCP,0,,,a,
ASN00016006,20260101,PRCP,0,,,a,
ASN00015574,20260101,PRCP,0,,,a,
ASN00015584,20260101,PRCP,0,,,a,
ASN00015590,20260101,TMAX,378,,,a,
ASN00015590,20260101,TMIN,230,,,a,
ASN00015590,20260101,PRCP,4,,,a,
ASN00015602,20260101,TMAX,371,,,a,
ASN00015602,20260101,TMIN,236,,,a,
ASN00015602,20260101,PRCP,0,,,a,
ASN00015602,20260101,TAVG,293,H,,2,
ASN00015607,20260101,PRCP,0,,,a,
ASN00015610,20260101,PRCP,0,,,a,
ASN00015611,20260101,PRCP,0,,,a,
ASN00015135,20260101,TMAX,332,,,a,
ASN00015135,20260101,TMIN,250,,,a,
ASN00015135,20260101,PRCP,0,,,a,
ASN00015139,20260101,PRCP,0,,,a,
ASN00015507,20260101,PRCP,0,,,a,
ASN00015508,20260101,PRCP,0,,,a,
ASN00015511,20260101,TMAX,399,,,a,
ASN00015511,20260101,TMIN,265,,,a,
ASN00015511,20260101,PRCP,0,,,a,
ASN00015521,20260101,PRCP,0,,,a,
ASN00015531,20260101,PRCP,0,,,a,
ASN00015537,20260101,PRCP,0,,,a,
ASN00014947,20260101,PRCP,26,,,a,
ASN00014948,20260101,TMAX,313,,,a,
ASN00014948,20260101,TMIN,250,,,a,
ASN00014948,20260101,PRCP,172,,,a,
ASN00014949,20260101,TMAX,326,,,a,
ASN00014949,20260101,TMIN,244,,,a,
ASN00014949,20260101,PRCP,2,,,a,
ASN00014950,20260101,PRCP,336,,,a,
ASN00014954,20260101,TMAX,333,,,a,
ASN00014954,20260101,TMIN,267,,,a,
ASN00014954,20260101,PRCP,0,,,a,
ASN00014962,20260101,PRCP,542,,,a,
ASN00014965,20260101,PRCP,34,,,a,
ASN00014966,20260101,PRCP,48,,,a,
ASN00014967,20260101,PRCP,436,,,a,
ASN00014970,20260101,PRCP,102,,,a,
ASN00015015,20260101,PRCP,0,,,a,
ASN00015081,20260101,PRCP,0,,,a,
ASN00015088,20260101,PRCP,0,,,a,
ASN00015103,20260101,PRCP,0,,,a,
ASN00015131,20260101,TMAX,340,,,a,
ASN00015131,20260101,TMIN,226,,,a,
ASN00015131,20260101,PRCP,54,,,a,
ASN00014847,20260101,PRCP,260,,,a,
ASN00014854,20260101,PRCP,232,,,a,
ASN00014856,20260101,PRCP,10,,,a,
ASN00014857,20260101,PRCP,0,,,a,
ASN00014864,20260101,PRCP,0,,,a,
ASN00014865,20260101,PRCP,634,,,a,
ASN00014866,20260101,PRCP,96,,,a,
ASN00014867,20260101,PRCP,0,,,a,
ASN00014868,20260101,PRCP,80,,,a,
ASN00014900,20260101,PRCP,200,,,a,
ASN00014901,20260101,TMAX,326,,,a,
ASN00014901,20260101,TMIN,239,,,a,
ASN00014901,20260101,PRCP,0,,,a,
ASN00014906,20260101,PRCP,12,,,a,
ASN00014909,20260101,TMAX,326,,,a,
ASN00014909,20260101,TMIN,234,,,a,
ASN00014909,20260101,PRCP,40,,,a,
ASN00014925,20260101,PRCP,0,,,a,
ASN00014927,20260101,PRCP,88,,,a,
ASN00014932,20260101,TMAX,337,,,a,
ASN00014932,20260101,TMIN,245,,,a,
ASN00014932,20260101,PRCP,0,,,a,
ASN00014654,20260101,PRCP,100,,,a,
ASN00014703,20260101,TMAX,349,,,a,
ASN00014703,20260101,TMIN,266,,,a,
ASN00014703,20260101,PRCP,4,,,a,
ASN00014704,20260101,TMAX,362,,,a,
ASN00014704,20260101,TMIN,257,,,a,
ASN00014704,20260101,PRCP,0,,,a,
ASN00014707,20260101,PRCP,0,,,a,
ASN00014720,20260101,PRCP,0,,,a,
ASN00014723,20260101,TMAX,360,,,a,
ASN00014723,20260101,TMIN,254,,,a,
ASN00014723,20260101,PRCP,50,,,a,
ASN00014729,20260101,PRCP,0,,,a,
ASN00014730,20260101,PRCP,430,,,a,
ASN00014732,20260101,PRCP,64,,,a,
ASN00014801,20260101,PRCP,0,,,a,
ASN00014806,20260101,PRCP,2,,,a,
ASN00014807,20260101,PRCP,90,,,a,
ASN00014810,20260101,PRCP,85,,,a,
ASN00014816,20260101,PRCP,0,,,a,
ASN00014821,20260101,PRCP,300,,,a,
ASN00014825,20260101,TMAX,327,,,a,
ASN00014825,20260101,TMIN,259,,,a,
ASN00014825,20260101,PRCP,6,,,a,
ASN00014829,20260101,TMAX,323,,,a,
ASN00014829,20260101,TMIN,229,,,a,
ASN00014829,20260101,PRCP,134,,,a,
ASN00014830,20260101,PRCP,44,,,a,
ASN00014517,20260101,TMAX,314,,,a,
ASN00014517,20260101,TMIN,267,,,a,
ASN00014517,20260101,PRCP,0,,,a,
ASN00014518,20260101,TMAX,341,,,a,
ASN00014518,20260101,TMIN,271,,,a,
ASN00014518,20260101,PRCP,0,,,a,
ASN00014602,20260101,PRCP,74,,,a,
ASN00014605,20260101,PRCP,0,,,a,
ASN00014610,20260101,PRCP,20,,,a,
ASN00014612,20260101,PRCP,0,,,a,
ASN00014621,20260101,PRCP,0,,,a,
ASN00014626,20260101,TMAX,343,,,a,
ASN00014626,20260101,TMIN,241,,,a,
ASN00014626,20260101,PRCP,0,,,a,
ASN00014627,20260101,TMAX,338,,,a,
ASN00014627,20260101,TMIN,244,,,a,
ASN00014627,20260101,PRCP,98,,,a,
ASN00014638,20260101,PRCP,70,,,a,
ASN00014639,20260101,PRCP,0,,,a,
ASN00014647,20260101,PRCP,22,,,a,
ASN00014648,20260101,PRCP,134,,,a,
ASN00014650,20260101,PRCP,70,,,a,
ASN00014651,20260101,PRCP,66,,,a,
ASN00014652,20260101,PRCP,22,,,a,
ASN00014653,20260101,PRCP,530,,,a,
ASN00014246,20260101,PRCP,74,,,a,
ASN00014253,20260101,TMAX,305,,,a,
ASN00014253,20260101,TMIN,260,,,a,
ASN00014253,20260101,PRCP,42,,,a,
ASN00014254,20260101,TMAX,339,,,a,
ASN00014254,20260101,TMIN,250,,,a,
ASN00014254,20260101,PRCP,206,,,a,
ASN00014256,20260101,PRCP,302,,,a,
ASN00014263,20260101,PRCP,70,,,a,
ASN00014264,20260101,PRCP,72,,,a,
ASN00014272,20260101,TMAX,325,,,a,
ASN00014272,20260101,TMIN,244,,,a,
ASN00014272,20260101,PRCP,184,,,a,
ASN00014275,20260101,PRCP,144,,,a,
ASN00014277,20260101,TMAX,335,,,a,
ASN00014277,20260101,TMIN,257,,,a,
ASN00014277,20260101,PRCP,112,,,a,
ASN00014401,20260101,TMAX,313,,,a,
ASN00014401,20260101,TMIN,258,,,a,
ASN00014401,20260101,PRCP,22,,,a,
ASN00014404,20260101,TMAX,336,,,a,
ASN00014404,20260101,TMIN,245,,,a,
ASN00014404,20260101,PRCP,46,,,a,
ASN00014405,20260101,TMAX,318,,,a,
ASN00014405,20260101,TMIN,252,,,a,
ASN00014405,20260101,PRCP,62,,,a,
ASN00014183,20260101,PRCP,162,,,a,
ASN00014198,20260101,TMAX,344,,,a,
ASN00014198,20260101,TMIN,253,,,a,
ASN00014198,20260101,PRCP,84,,,a,
ASN00014219,20260101,PRCP,180,,,a,
ASN00014224,20260101,PRCP,184,,,a,
ASN00014226,20260101,PRCP,308,,,a,
ASN00014238,20260101,PRCP,70,,,a,
ASN00014062,20260101,PRCP,62,,,a,
ASN00014090,20260101,PRCP,96,,,a,
ASN00014092,20260101,PRCP,10,,,a,
ASN00014116,20260101,PRCP,160,,,a,
ASN00014142,20260101,TMAX,320,,,a,
ASN00014142,20260101,TMIN,255,,,a,
ASN00014142,20260101,PRCP,84,,,a,
ASN00014143,20260101,PRCP,126,,,a,
ASN00014149,20260101,PRCP,202,,,a,
ASN00013024,20260101,PRCP,0,,,a,
ASN00013030,20260101,TMAX,393,,,a,
ASN00013030,20260101,TMIN,233,,,a,
ASN00013030,20260101,PRCP,0,,,a,
ASN00013035,20260101,PRCP,0,,,a,
ASN00013040,20260101,PRCP,0,,,a,
ASN00014015,20260101,TMAX,330,,,a,
ASN00014015,20260101,TMIN,256,,,a,
ASN00014015,20260101,PRCP,64,,,a,
ASN00014021,20260101,PRCP,0,,,a,
ASN00014041,20260101,TMAX,335,,,a,
ASN00014041,20260101,TMIN,250,,,a,
ASN00014041,20260101,PRCP,102,,,a,
ASN00014050,20260101,PRCP,120,,,a,
ASN00014055,20260101,PRCP,4,,,a,
ASN00014059,20260101,PRCP,12,,,a,
ASN00012297,20260101,PRCP,0,,,a,
ASN00012305,20260101,TMAX,343,,,a,
ASN00012305,20260101,TMIN,183,,,a,
ASN00012305,20260101,PRCP,0,,,a,
ASN00012306,20260101,PRCP,0,,,a,
ASN00012308,20260101,PRCP,0,,,a,
ASN00012312,20260101,PRCP,0,,,a,
ASN00012314,20260101,TMAX,358,,,a,
ASN00012314,20260101,TMIN,190,,,a,
ASN00012314,20260101,PRCP,0,,,a,
ASN00012320,20260101,TMAX,351,,,a,
ASN00012320,20260101,TMIN,166,,,a,
ASN00012320,20260101,PRCP,0,,,a,
ASN00013011,20260101,TMAX,375,,,a,
ASN00013011,20260101,TMIN,227,,,a,
ASN00013011,20260101,PRCP,0,,,a,
ASN00013015,20260101,TMAX,390,,,a,
ASN00013015,20260101,PRCP,0,,,a,
ASN00013017,20260101,TMAX,367,,,a,
ASN00013017,20260101,TMIN,246,,,a,
ASN00013017,20260101,PRCP,0,,,a,
ASN00013017,20260101,TAVG,319,H,,2,
ASN00012223,20260101,PRCP,0,,,a,
ASN00012239,20260101,TMAX,375,,,a,
ASN00012239,20260101,TMIN,198,,,a,
ASN00012239,20260101,PRCP,0,,,a,
ASN00012240,20260101,PRCP,1,,,a,
ASN00012241,20260101,TMAX,350,,,a,
ASN00012241,20260101,TMIN,180,,,a,
ASN00012241,20260101,PRCP,0,,,a,
ASN00012064,20260101,PRCP,0,,,a,
ASN00012071,20260101,TMAX,318,,,a,
ASN00012071,20260101,TMIN,118,,,a,
ASN00012071,20260101,PRCP,0,,,a,
ASN00012077,20260101,PRCP,0,,,a,
ASN00012079,20260101,PRCP,0,,,a,
ASN00012083,20260101,PRCP,0,,,a,
ASN00012092,20260101,PRCP,0,,,a,
ASN00012101,20260101,PRCP,0,,,a,
ASN00012114,20260101,PRCP,0,,,a,
ASN00011052,20260101,TMAX,320,,,a,
ASN00011052,20260101,TMIN,104,,,a,
ASN00011052,20260101,PRCP,0,,,a,
ASN00011053,20260101,TMAX,228,,,a,
ASN00011053,20260101,TMIN,173,,,a,
ASN00011053,20260101,PRCP,0,,,a,
ASN00012009,20260101,TMAX,329,,,a,
ASN00012009,20260101,TMIN,135,,,a,
ASN00012009,20260101,PRCP,0,,,a,
ASN00012011,20260101,PRCP,0,,,a,
ASN00012013,20260101,PRCP,0,,,a,
ASN00012025,20260101,PRCP,0,,,a,
ASN00012027,20260101,PRCP,0,,,a,
ASN00012038,20260101,TMAX,328,,,a,
ASN00012038,20260101,TMIN,163,,,a,
ASN00012038,20260101,PRCP,0,,,a,
ASN00012044,20260101,TMAX,320,,,a,
ASN00012044,20260101,TMIN,119,,,a,
ASN00012044,20260101,PRCP,0,,,a,
ASN00010897,20260101,PRCP,0,,,a,
ASN00010904,20260101,PRCP,0,,,a,
ASN00010905,20260101,TMAX,324,,,a,
ASN00010905,20260101,TMIN,98,,,a,
ASN00010905,20260101,PRCP,0,,,a,
ASN00010908,20260101,PRCP,0,,,a,
ASN00010911,20260101,TMAX,342,,,a,
ASN00010911,20260101,TMIN,122,,,a,
ASN00010911,20260101,PRCP,0,,,a,
ASN00010912,20260101,PRCP,0,,,a,
ASN00010916,20260101,TMAX,343,,,a,
ASN00010916,20260101,TMIN,112,,,a,
ASN00010916,20260101,PRCP,0,,,a,
ASN00010917,20260101,TMAX,359,,,a,
ASN00010917,20260101,TMIN,105,,,a,
ASN00010917,20260101,PRCP,0,,,a,
ASN00011003,20260101,TMAX,235,,,a,
ASN00011003,20260101,TMIN,160,,,a,
ASN00011003,20260101,PRCP,0,,,a,
ASN00011003,20260101,TAVG,190,H,,2,
ASN00011019,20260101,TMAX,236,,,a,
ASN00011019,20260101,TMIN,40,,,a,
ASN00011019,20260101,PRCP,0,,,a,
ASN00010866,20260101,PRCP,0,,,a,
ASN00010889,20260101,PRCP,0,,,a,
ASN00010893,20260101,PRCP,0,,,a,
ASN00010779,20260101,PRCP,0,,,a,
ASN00010792,20260101,PRCP,0,,,a,
ASN00010799,20260101,PRCP,0,,,a,
ASN00010704,20260101,PRCP,0,,,a,
ASN00010729,20260101,PRCP,0,,,a,
ASN00010626,20260101,TMAX,355,,,a,
ASN00010626,20260101,TMIN,154,,,a,
ASN00010626,20260101,PRCP,0,,,a,
ASN00010627,20260101,PRCP,0,,,a,
ASN00010628,20260101,PRCP,0,,,a,
ASN00010633,20260101,TMAX,320,,,a,
ASN00010633,20260101,TMIN,119,,,a,
ASN00010633,20260101,PRCP,0,,,a,
ASN00010634,20260101,PRCP,0,,,a,
ASN00010635,20260101,PRCP,0,,,a,
ASN00010647,20260101,TMAX,353,,,a,
ASN00010647,20260101,TMIN,149,,,a,
ASN00010647,20260101,PRCP,0,,,a,
ASN00010654,20260101,PRCP,0,,,a,
ASN00010665,20260101,PRCP,0,,,a,
ASN00010692,20260101,TMAX,346,,,a,
ASN00010692,20260101,TMIN,100,,,a,
ASN00010692,20260101,PRCP,0,,,a,
ASN00010564,20260101,PRCP,0,,,a,
ASN00010565,20260101,PRCP,0,,,a,
ASN00010568,20260101,TMAX,362,,,a,
ASN00010568,20260101,TMIN,139,,,a,
ASN00010568,20260101,PRCP,0,,,a,
ASN00010571,20260101,PRCP,0,,,a,
ASN00010584,20260101,PRCP,0,,,a,
ASN00010614,20260101,TMAX,355,,,a,
ASN00010614,20260101,TMIN,132,,,a,
ASN00010614,20260101,PRCP,0,,,a,
ASN00010617,20260101,PRCP,0,,,a,
ASN00010619,20260101,PRCP,0,,,a,
ASN00010625,20260101,PRCP,0,,,a,
ASN00002036,20260101,PRCP,244,,,a,
ASN00002043,20260101,PRCP,44,,,a,
ASN00002048,20260101,PRCP,120,,,a,
ASN00002049,20260101,PRCP,150,,,a,
ASN00002051,20260101,PRCP,0,,,a,
ASN00002053,20260101,PRCP,1822,,,a,
ASN00002056,20260101,TMAX,325,,,a,
ASN00002061,20260101,PRCP,0,,,a,
ASN00002067,20260101,PRCP,980,,,a,
ASN00002069,20260101,PRCP,231,,,a,
ASN00003001,20260101,PRCP,0,,,a,
ASN00003003,20260101,TMAX,340,,,a,
ASN00003003,20260101,TMIN,293,,,a,
ASN00003003,20260101,PRCP,0,,,a,
ASN00003009,20260101,PRCP,58,,,a,
ASN00003014,20260101,PRCP,0,,,a,
ASN00003015,20260101,PRCP,0,,,a,
ASN00003019,20260101,PRCP,0,,,a,
ASN00003024,20260101,PRCP,0,,,a,
ASN00003027,20260101,PRCP,0,,,a,
ASN00003028,20260101,PRCP,0,,,a,
ASN00003032,20260101,TMAX,380,,,a,
ASN00003032,20260101,TMIN,266,,,a,
ASN00003032,20260101,PRCP,0,,,a,
ASN00003032,20260101,TAVG,313,H,,2,
ASN00003041,20260101,PRCP,0,,,a,
ASN00003051,20260101,PRCP,4,,,a,
ASN00003052,20260101,PRCP,530,,,a,
ASN00003057,20260101,TMAX,348,,,a,
ASN00003057,20260101,TMIN,224,,,a,
ASN00003057,20260101,PRCP,31,,,a,
ASN00003063,20260101,PRCP,24,,,a,
ASN00003066,20260101,PRCP,0,,,a,
ASN00003075,20260101,PRCP,0,,,a,
ASN00003080,20260101,TMAX,378,,,a,
ASN00003080,20260101,TMIN,247,,,a,
ASN00003080,20260101,PRCP,6,,,a,
ASN00003088,20260101,PRCP,36,,,a,
ASN00003090,20260101,PRCP,0,,,a,
ASN00003093,20260101,TMAX,371,,,a,
ASN00003093,20260101,TMIN,244,,,a,
ASN00003093,20260101,PRCP,54,,,a,
ASN00003098,20260101,PRCP,8,,,a,
ASN00003100,20260101,PRCP,0,,,a,
ASN00003105,20260101,PRCP,170,,,a,
ASN00004004,20260101,PRCP,0,,,a,
ASN00004006,20260101,PRCP,0,,,a,
ASN00004012,20260101,PRCP,0,,,a,
ASN00004016,20260101,PRCP,0,,,a,
ASN00004019,20260101,TMAX,383,,,a,
ASN00004019,20260101,TMIN,282,,,a,
ASN00004019,20260101,PRCP,0,,,a,
ASN00004024,20260101,PRCP,0,,,a,
ASN00004026,20260101,PRCP,0,,,a,
ASN00004032,20260101,TMAX,398,,,a,
ASN00004032,20260101,TMIN,270,,,a,
ASN00004032,20260101,PRCP,0,,,a,
ASN00004039,20260101,PRCP,0,,,a,
ASN00004041,20260101,PRCP,0,,,a,
ASN00004046,20260101,PRCP,200,,,a,
ASN00004083,20260101,TMAX,351,,,a,
ASN00004083,20260101,TMIN,278,,,a,
ASN00004083,20260101,PRCP,0,,,a,
ASN00004086,20260101,PRCP,0,,,a,
ASN00004090,20260101,TMAX,422,,,a,
ASN00004090,20260101,TMIN,275,,,a,
ASN00004090,20260101,PRCP,0,,,a,
ASN00004106,20260101,TMAX,426,,,a,
ASN00004106,20260101,TMIN,294,,,a,
ASN00004106,20260101,PRCP,0,,,a,
ASN00005001,20260101,PRCP,0,,,a,
ASN00005006,20260101,PRCP,0,,,a,
ASN00005007,20260101,TMAX,372,,,a,
ASN00005007,20260101,TMIN,253,,,a,
ASN00005007,20260101,PRCP,0,,,a,
ASN00005008,20260101,TMAX,344,,,a,
ASN00005008,20260101,TMIN,274,,,a,
ASN00005008,20260101,PRCP,0,,,a,
ASN00005012,20260101,PRCP,0,,,a,
ASN00005013,20260101,PRCP,0,,,a,
ASN00005014,20260101,PRCP,0,,,a,
ASN00005017,20260101,TMAX,339,,,a,
ASN00005017,20260101,TMIN,264,,,a,
ASN00005017,20260101,PRCP,0,,,a,
ASN00005022,20260101,PRCP,0,,,a,
ASN00005023,20260101,PRCP,0,,,a,
ASN00005028,20260101,PRCP,0,,,a,
ASN00005029,20260101,PRCP,0,,,a,
ASN00005032,20260101,PRCP,0,,,a,
ASN00005034,20260101,PRCP,0,,,a,
ASN00005051,20260101,PRCP,0,,,a,
ASN00005066,20260101,PRCP,48,,,a,
ASN00005078,20260101,PRCP,0,,,a,
ASN00005084,20260101,TMAX,328,,,a,
ASN00005084,20260101,TMIN,262,,,a,
ASN00005084,20260101,PRCP,0,,,a,
ASN00005094,20260101,TMAX,321,,,a,
ASN00005094,20260101,TMIN,262,,,a,
ASN00005094,20260101,PRCP,0,,,a,
ASN00005095,20260101,PRCP,0,,,a,
ASN00006005,20260101,PRCP,0,,,a,
ASN00006010,20260101,PRCP,0,,,a,
ASN00006011,20260101,TMAX,320,,,a,
ASN00006011,20260101,TMIN,226,,,a,
ASN00006011,20260101,PRCP,0,,,a,
ASN00006019,20260101,PRCP,0,,,a,
ASN00006020,20260101,PRCP,0,,,a,
ASN00006027,20260101,PRCP,0,,,a,
ASN00006034,20260101,PRCP,0,,,a,
ASN00006050,20260101,PRCP,274,,,a,
ASN00006052,20260101,PRCP,60,,,a,
ASN00006055,20260101,PRCP,0,,,a,
ASN00006066,20260101,PRCP,350,,,a,
ASN00006102,20260101,PRCP,0,,,a,
ASN00006105,20260101,TMAX,387,,,a,
ASN00006105,20260101,TMIN,194,,,a,
ASN00006105,20260101,PRCP,0,,,a,
ASN00007001,20260101,PRCP,0,,,a,
ASN00007007,20260101,PRCP,0,,,a,
ASN00007008,20260101,PRCP,0,,,a,
ASN00007014,20260101,PRCP,0,,,a,
ASN00007017,20260101,PRCP,0,,,a,
ASN00007019,20260101,PRCP,0,,,a,
ASN00007030,20260101,PRCP,0,,,a,
ASN00007045,20260101,TMAX,387,,,a,
ASN00007045,20260101,TMIN,251,,,a,
ASN00007045,20260101,PRCP,0,,,a,
ASN00007059,20260101,PRCP,0,,,a,
ASN00007064,20260101,PRCP,0,,,a,
ASN00007068,20260101,PRCP,0,,,a,
ASN00007078,20260101,PRCP,0,,,a,
ASN00007083,20260101,PRCP,0,,,a,
ASN00007096,20260101,PRCP,0,,,a,
ASN00007101,20260101,PRCP,0,,,a,
ASN00007103,20260101,PRCP,0,,,a,
ASN00007129,20260101,PRCP,0,,,a,
ASN00007139,20260101,TMAX,400,,,a,
ASN00007139,20260101,TMIN,197,,,a,
ASN00007139,20260101,PRCP,0,,,a,
ASN00007159,20260101,PRCP,0,,,a,
ASN00007176,20260101,TMAX,403,,,a,
ASN00007176,20260101,TMIN,277,,,a,
ASN00007176,20260101,PRCP,0,,,a,
ASN00007177,20260101,PRCP,0,,,a,
ASN00007181,20260101,PRCP,0,,,a,
ASN00007185,20260101,TMAX,407,,,a,
ASN00007185,20260101,TMIN,270,,,a,
ASN00007185,20260101,PRCP,0,,,a,
ASN00007600,20260101,TMAX,393,,,a,
ASN00007600,20260101,TMIN,235,,,a,
ASN00007600,20260101,PRCP,0,,,a,
ASN00008002,20260101,PRCP,0,,,a,
ASN00008005,20260101,PRCP,0,,,a,
ASN00008008,20260101,PRCP,0,,,a,
ASN00008013,20260101,PRCP,0,,,a,
ASN00008014,20260101,PRCP,0,,,a,
ASN00008028,20260101,PRCP,0,,,a,
ASN00008037,20260101,PRCP,0,,,a,
ASN00008039,20260101,TMAX,185,H,,2,
ASN00008039,20260101,TMIN,137,H,,2,
ASN00008039,20260101,TAVG,155,H,,2,
ASN00008050,20260101,PRCP,0,,,a,
ASN00008057,20260101,PRCP,0,,,a,
ASN00008060,20260101,PRCP,0,,,a,
ASN00008065,20260101,PRCP,0,,,a,
ASN00008066,20260101,PRCP,0,,,a,
ASN00008072,20260101,PRCP,0,,,a,
ASN00008078,20260101,PRCP,0,,,a,
ASN00008079,20260101,PRCP,0,,,a,
ASN00008085,20260101,PRCP,0,,,a,
ASN00008095,20260101,TMAX,401,,,a,
ASN00008095,20260101,TMIN,226,,,a,
ASN00008095,20260101,PRCP,0,,,a,
ASN00008100,20260101,PRCP,0,,,a,
ASN00008107,20260101,PRCP,0,,,a,
ASN00008113,20260101,PRCP,0,,,a,
ASN00008121,20260101,PRCP,0,,,a,
ASN00008137,20260101,TMAX,390,,,a,
ASN00008137,20260101,TMIN,185,,,a,
ASN00008137,20260101,PRCP,0,,,a,
ASN00008139,20260101,PRCP,0,,,a,
ASN00008143,20260101,PRCP,0,,,a,
ASN00008146,20260101,PRCP,0,,,a,
ASN00008157,20260101,PRCP,0,,,a,
ASN00008168,20260101,PRCP,0,,,a,
ASN00008200,20260101,PRCP,0,,,a,
ASN00008202,20260101,PRCP,0,,,a,
ASN00008230,20260101,PRCP,0,,,a,
ASN00008237,20260101,PRCP,0,,,a,
ASN00008238,20260101,PRCP,0,,,a,
ASN00008240,20260101,PRCP,0,,,a,
ASN00008251,20260101,TMAX,356,,,a,
ASN00008251,20260101,TMIN,230,,,a,
ASN00008251,20260101,PRCP,0,,,a,
ASN00008274,20260101,PRCP,0,,,a,
ASN00008276,20260101,PRCP,0,,,a,
ASN00008283,20260101,PRCP,0,,,a,
ASN00008286,20260101,PRCP,0,,,a,
ASN00008290,20260101,TMAX,282,,,a,
ASN00008290,20260101,TMIN,222,,,a,
ASN00008290,20260101,PRCP,0,,,a,
ASN00008294,20260101,PRCP,0,,,a,
ASN00008295,20260101,PRCP,0,,,a,
ASN00008296,20260101,TMAX,407,,,a,
ASN00008296,20260101,TMIN,193,,,a,
ASN00008296,20260101,PRCP,0,,,a,
ASN00008297,20260101,TMAX,391,,,a,
ASN00008297,20260101,TMIN,153,,,a,
ASN00008297,20260101,PRCP,0,,,a,
ASN00008298,20260101,PRCP,0,,,a,
ASN00008299,20260101,PRCP,0,,,a,
ASN00008300,20260101,PRCP,0,,,a,
ASN00008304,20260101,PRCP,0,,,a,
ASN00008305,20260101,PRCP,0,,,a,
ASN00008307,20260101,PRCP,0,,,a,
ASN00008308,20260101,PRCP,0,,,a,
ASN00008309,20260101,PRCP,0,,,a,
ASN00008310,20260101,PRCP,0,,,a,
ASN00009000,20260101,PRCP,0,,,a,
ASN00009007,20260101,PRCP,0,,,a,
ASN00009009,20260101,PRCP,0,,,a,
ASN00009015,20260101,PRCP,0,,,a,
ASN00009021,20260101,TMAX,384,,,a,
ASN00009021,20260101,TMIN,155,,,a,
ASN00009021,20260101,PRCP,0,,,a,
ASN00009023,20260101,PRCP,0,,,a,
ASN00009024,20260101,PRCP,0,,,a,
ASN00009030,20260101,PRCP,0,,,a,
ASN00009033,20260101,PRCP,0,,,a,
ASN00009037,20260101,TMAX,396,,,a,
ASN00009037,20260101,TMIN,200,,,a,
ASN00009037,20260101,PRCP,0,,,a,
ASN00009039,20260101,PRCP,0,,,a,
ASN00009040,20260101,PRCP,0,,,a,
ASN00009053,20260101,TMAX,386,,,a,
ASN00009053,20260101,TMIN,173,,,a,
ASN00009053,20260101,PRCP,0,,,a,
ASN00009105,20260101,PRCP,0,,,a,
ASN00009111,20260101,TMIN,177,,,a,
ASN00009111,20260101,PRCP,0,,,a,
ASN00009112,20260101,PRCP,0,,,a,
ASN00009113,20260101,PRCP,0,,,a,
ASN00009131,20260101,TMAX,354,,,a,
ASN00009131,20260101,TMIN,150,,,a,
ASN00009131,20260101,PRCP,0,,,a,
ASN00009172,20260101,TMAX,369,,,a,
ASN00009172,20260101,TMIN,168,,,a,
ASN00009172,20260101,PRCP,0,,,a,
ASN00009178,20260101,TMAX,379,,,a,
ASN00009178,20260101,TMIN,147,,,a,
ASN00009178,20260101,PRCP,0,,,a,
ASN00009182,20260101,PRCP,0,,,a,
ASN00009193,20260101,TMAX,312,,,a,
ASN00009193,20260101,TMIN,211,,,a,
ASN00009193,20260101,PRCP,0,,,a,
ASN00009199,20260101,PRCP,0,,,a,
ASN00009207,20260101,PRCP,0,,,a,
ASN00009210,20260101,PRCP,0,,,a,
ASN00009215,20260101,TMAX,361,,,a,
ASN00009215,20260101,TMIN,202,,,a,
ASN00009215,20260101,PRCP,0,,,a,
ASN00009225,20260101,TMAX,373,,,a,
ASN00009225,20260101,TMIN,171,,,a,
ASN00009225,20260101,PRCP,0,,,a,
ASN00009240,20260101,TMAX,342,,,a,
ASN00009240,20260101,TMIN,168,,,a,
ASN00009240,20260101,PRCP,0,,,a,
ASN00009242,20260101,PRCP,0,,,a,
ASN00009243,20260101,PRCP,0,,,a,
ASN00009256,20260101,TMAX,318,,,a,
ASN00009256,20260101,TMIN,199,,,a,
ASN00009256,20260101,PRCP,0,,,a,
ASN00009257,20260101,PRCP,0,,,a,
ASN00009258,20260101,PRCP,0,,,a,
ASN00009260,20260101,PRCP,0,,,a,
ASN00009264,20260101,PRCP,0,,,a,
ASN00009276,20260101,PRCP,0,,,a,
ASN00009500,20260101,PRCP,0,,,a,
ASN00009500,20260101,DATX,2,,,a,
ASN00009500,20260101,MDTX,225,,,a,
ASN00009506,20260101,PRCP,0,,,a,
ASN00009507,20260101,PRCP,0,,,a,
ASN00009515,20260101,PRCP,0,,,a,
ASN00009518,20260101,TMAX,232,,,a,
ASN00009518,20260101,TMIN,181,,,a,
ASN00009518,20260101,PRCP,0,,,a,
ASN00009518,20260101,TAVG,201,H,,2,
ASN00009519,20260101,TMAX,320,,,a,
ASN00009519,20260101,TMIN,167,,,a,
ASN00009519,20260101,PRCP,0,,,a,
ASN00009519,20260101,TAVG,234,H,,2,
ASN00009527,20260101,PRCP,0,,,a,
ASN00009532,20260101,PRCP,0,,,a,
ASN00009534,20260101,PRCP,0,,,a,
ASN00009538,20260101,TMAX,351,,,a,
ASN00009538,20260101,TMIN,153,,,a,
ASN00009538,20260101,PRCP,0,,,a,
ASN00009541,20260101,TMAX,234,H,,2,
ASN00009541,20260101,TMIN,161,H,,2,
ASN00009541,20260101,TAVG,197,H,,2,
ASN00009542,20260101,TMAX,296,,,a,
ASN00009542,20260101,TMIN,123,,,a,
ASN00009542,20260101,PRCP,4,,,a,
ASN00009547,20260101,PRCP,0,,,a,
ASN00009557,20260101,PRCP,0,,,a,
ASN00009561,20260101,PRCP,0,,,a,
ASN00009573,20260101,TMAX,304,,,a,
ASN00009573,20260101,TMIN,129,,,a,
ASN00009573,20260101,PRCP,0,,,a,
ASN00009579,20260101,PRCP,0,,,a,
ASN00009584,20260101,PRCP,0,,,a,
ASN00009585,20260101,PRCP,0,,,a,
ASN00009587,20260101,PRCP,0,,,a,
ASN00009589,20260101,PRCP,0,,,a,
ASN00009591,20260101,PRCP,0,,,a,
ASN00009592,20260101,PRCP,0,,,a,
ASN00009603,20260101,TMAX,342,,,a,
ASN00009603,20260101,TMIN,135,,,a,
ASN00009603,20260101,PRCP,0,,,a,
ASN00009611,20260101,PRCP,0,,,a,
ASN00009613,20260101,PRCP,0,,,a,
ASN00009615,20260101,PRCP,0,,,a,
ASN00009617,20260101,TMAX,324,,,a,
ASN00009617,20260101,TMIN,129,,,a,
ASN00009617,20260101,PRCP,0,,,a,
ASN00009619,20260101,PRCP,0,,,a,
ASN00009626,20260101,PRCP,0,,,a,
ASN00009633,20260101,PRCP,0,,,a,
ASN00009635,20260101,PRCP,0,,,a,
ASN00009636,20260101,PRCP,0,,,a,
ASN00009647,20260101,PRCP,0,,,a,
ASN00009678,20260101,PRCP,0,,,a,
ASN00009692,20260101,PRCP,0,,,a,
ASN00009710,20260101,PRCP,0,,,a,
ASN00009739,20260101,PRCP,0,,,a,
ASN00009752,20260101,PRCP,0,,,a,
ASN00009766,20260101,PRCP,0,,,a,
ASN00009769,20260101,PRCP,0,,,a,
ASN00009771,20260101,PRCP,0,,,a,
ASN00009772,20260101,PRCP,0,,,a,
ASN00009776,20260101,PRCP,0,,,a,
ASN00009784,20260101,PRCP,0,,,a,
ASN00009789,20260101,TMAX,251,,,a,
ASN00009789,20260101,TMIN,116,,,a,
ASN00009789,20260101,PRCP,0,,,a,
ASN00009803,20260101,PRCP,0,,,a,
ASN00009804,20260101,PRCP,0,,,a,
ASN00009805,20260101,PRCP,0,,,a,
ASN00009813,20260101,PRCP,0,,,a,
ASN00009815,20260101,PRCP,0,,,a,
ASN00009822,20260101,PRCP,0,,,a,
ASN00009831,20260101,PRCP,0,,,a,
ASN00009842,20260101,TMAX,346,,,a,
ASN00009842,20260101,TMIN,110,,,a,
ASN00009842,20260101,PRCP,0,,,a,
ASN00009843,20260101,PRCP,0,,,a,
ASN00009852,20260101,PRCP,0,,,a,
ASN00009865,20260101,PRCP,0,,,a,
ASN00009868,20260101,PRCP,0,,,a,
ASN00009871,20260101,TMAX,222,,,a,
ASN00009871,20260101,TMIN,100,,,a,
ASN00009871,20260101,PRCP,0,,,a,
ASN00009877,20260101,PRCP,0,,,a,
ASN00009891,20260101,PRCP,0,,,a,
ASN00009893,20260101,PRCP,0,,,a,
ASN00009894,20260101,PRCP,0,,,a,
ASN00009897,20260101,PRCP,0,,,a,
ASN00009904,20260101,PRCP,0,,,a,
ASN00009908,20260101,PRCP,0,,,a,
ASN00009909,20260101,PRCP,0,,,a,
ASN00009912,20260101,PRCP,0,,,a,
ASN00009917,20260101,PRCP,0,,,a,
ASN00009923,20260101,PRCP,0,,,a,
ASN00009927,20260101,PRCP,0,,,a,
ASN00009928,20260101,PRCP,0,,,a,
ASN00009936,20260101,PRCP,0,,,a,
ASN00009958,20260101,PRCP,0,,,a,
ASN00009961,20260101,TMAX,235,,,a,
ASN00009961,20260101,TMIN,101,,,a,
ASN00009961,20260101,PRCP,0,,,a,
ASN00009964,20260101,TMAX,294,,,a,
ASN00009964,20260101,TMIN,107,,,a,
ASN00009964,20260101,PRCP,0,,,a,
ASN00009965,20260101,TMAX,341,,,a,
ASN00009965,20260101,TMIN,147,,,a,
ASN00009965,20260101,PRCP,0,,,a,
ASN00009968,20260101,TMAX,263,,,a,
ASN00009968,20260101,TMIN,128,,,a,
ASN00009968,20260101,PRCP,0,,,a,
ASN00009971,20260101,PRCP,0,,,a,
ASN00009976,20260101,PRCP,0,,,a,
ASN00009977,20260101,TMAX,339,,,a,
ASN00009977,20260101,TMIN,209,,,a,
ASN00009977,20260101,PRCP,0,,,a,
ASN00009978,20260101,PRCP,0,,,a,
ASN00009979,20260101,PRCP,0,,,a,
ASN00009982,20260101,PRCP,0,,,a,
ASN00009987,20260101,PRCP,0,,,a,
ASN00009988,20260101,PRCP,0,,,a,
ASN00009989,20260101,PRCP,0,,,a,
ASN00009990,20260101,PRCP,0,,,a,
ASN00009991,20260101,PRCP,0,,,a,
ASN00009992,20260101,PRCP,0,,,a,
ASN00009994,20260101,TMAX,357,,,a,
ASN00009994,20260101,TMIN,120,,,a,
ASN00009994,20260101,PRCP,0,,,a,
ASN00009997,20260101,PRCP,0,,,a,
ASN00009998,20260101,TMAX,238,,,a,
ASN00009998,20260101,TMIN,127,,,a,
ASN00009998,20260101,PRCP,0,,,a,
ASN00010006,20260101,PRCP,0,,,a,
ASN00010007,20260101,TMAX,360,,,a,
ASN00010007,20260101,TMIN,160,,,a,
ASN00010007,20260101,PRCP,0,,,a,
ASN00010009,20260101,PRCP,0,,,a,
ASN00010010,20260101,PRCP,0,,,a,
ASN00010011,20260101,PRCP,0,,,a,
ASN00010026,20260101,PRCP,0,,,a,
ASN00010030,20260101,PRCP,0,,,a,
ASN00010031,20260101,PRCP,0,,,a,
ASN00010032,20260101,PRCP,0,,,a,
ASN00010034,20260101,PRCP,0,,,a,
ASN00010040,20260101,PRCP,0,,,a,
ASN00010041,20260101,PRCP,0,,,a,
ASN00010043,20260101,PRCP,0,,,a,
ASN00010044,20260101,PRCP,0,,,a,
ASN00010055,20260101,PRCP,0,,,a,
ASN00010060,20260101,PRCP,0,,,a,
ASN00010061,20260101,PRCP,0,,,a,
ASN00010070,20260101,PRCP,0,,,a,
ASN00010075,20260101,PRCP,0,,,a,
ASN00010082,20260101,PRCP,0,,,a,
ASN00010084,20260101,PRCP,0,,,a,
ASN00010092,20260101,PRCP,0,,,a,
ASN00010102,20260101,PRCP,0,,,a,
ASN00010104,20260101,PRCP,0,,,a,
ASN00010111,20260101,TMAX,380,,,a,
ASN00010111,20260101,TMIN,178,,,a,
ASN00010111,20260101,PRCP,0,,,a,
ASN00010112,20260101,PRCP,0,,,a,
ASN00010118,20260101,PRCP,0,,,a,
ASN00010119,20260101,PRCP,0,,,a,
ASN00010121,20260101,PRCP,0,,,a,
ASN00010122,20260101,PRCP,0,,,a,
ASN00010124,20260101,PRCP,0,,,a,
ASN00010126,20260101,PRCP,0,,,a,
ASN00010134,20260101,PRCP,0,,,a,
ASN00010135,20260101,PRCP,0,,,a,
ASN00010138,20260101,PRCP,0,,,a,
ASN00010140,20260101,PRCP,0,,,a,
ASN00010143,20260101,PRCP,0,,,a,
ASN00010145,20260101,PRCP,0,,,a,
ASN00010149,20260101,PRCP,0,,,a,
ASN00010150,20260101,PRCP,0,,,a,
ASN00010151,20260101,PRCP,0,,,a,
ASN00010155,20260101,PRCP,0,,,a,
ASN00010163,20260101,PRCP,0,,,a,
ASN00010192,20260101,PRCP,0,,,a,
ASN00010286,20260101,TMAX,380,,,a,
ASN00010286,20260101,TMIN,168,,,a,
ASN00010286,20260101,PRCP,0,,,a,
ASN00010304,20260101,PRCP,0,,,a,
ASN00010311,20260101,TMAX,391,,,a,
ASN00010311,20260101,TMIN,133,,,a,
ASN00010311,20260101,PRCP,0,,,a,
ASN00010502,20260101,PRCP,0,,,a,
ASN00010503,20260101,PRCP,0,,,a,
ASN00010508,20260101,PRCP,0,,,a,
ASN00010511,20260101,PRCP,0,,,a,
ASN00010515,20260101,TMAX,378,,,a,
ASN00010515,20260101,TMIN,154,,,a,
ASN00010515,20260101,PRCP,0,,,a,
ASN00010518,20260101,PRCP,0,,,a,
ASN00010520,20260101,PRCP,0,,,a,
ASN00010524,20260101,TMAX,370,,,a,
ASN00010524,20260101,PRCP,0,,,a,
ASN00010524,20260101,DATN,2,,,a,
ASN00010524,20260101,MDTN,158,,,a,
ASN00010525,20260101,PRCP,0,,,a,
ASN00010527,20260101,PRCP,0,,,a,
ASN00010530,20260101,PRCP,0,,,a,
ASN00010531,20260101,PRCP,0,,,a,
ASN00010534,20260101,PRCP,0,,,a,
ASN00010536,20260101,PRCP,0,,,a,
ASN00010536,20260101,DATX,2,,,a,
ASN00010536,20260101,MDTX,350,,,a,
ASN00010537,20260101,PRCP,0,,,a,
ASN00010541,20260101,PRCP,0,,,a,
ASN00010546,20260101,PRCP,0,,,a,
ASN00010556,20260101,PRCP,0,,,a,
ASN00010560,20260101,PRCP,0,,,a,
ASN00022031,20260101,TMAX,265,,,a,
ASN00022031,20260101,TMIN,121,,,a,
ASN00022031,20260101,PRCP,0,,,a,
ASN00022033,20260101,PRCP,0,,,a,
ASN00022036,20260101,PRCP,0,,,a,
ASN00022044,20260101,PRCP,0,,,a,
ASN00022046,20260101,TMAX,215,,,a,
ASN00022046,20260101,TMIN,145,,,a,
ASN00022046,20260101,PRCP,0,,,a,
ASN00022049,20260101,TMAX,219,,,a,
ASN00022049,20260101,TMIN,141,,,a,
ASN00022049,20260101,PRCP,0,,,a,
ASN00022050,20260101,TMAX,305,,,a,
ASN00022050,20260101,TMIN,127,,,a,
ASN00022050,20260101,PRCP,0,,,a,
ASN00022054,20260101,PRCP,0,,,a,
ASN00022055,20260101,PRCP,0,,,a,
ASN00022056,20260101,PRCP,0,,,a,
ASN00022803,20260101,TMAX,185,,,a,
ASN00022803,20260101,TMIN,137,,,a,
ASN00022803,20260101,PRCP,0,,,a,
ASN00022807,20260101,PRCP,0,,,a,
ASN00022811,20260101,PRCP,0,,,a,
ASN00022815,20260101,PRCP,0,,,a,
ASN00022817,20260101,PRCP,0,,,a,
ASN00022823,20260101,TMAX,226,,,a,
ASN00022823,20260101,TMIN,101,,,a,
ASN00022823,20260101,PRCP,0,,,a,
ASN00022835,20260101,PRCP,0,,,a,
ASN00022836,20260101,PRCP,0,,,a,
ASN00022841,20260101,TMAX,222,,,a,
ASN00022841,20260101,TMIN,129,,,a,
ASN00022841,20260101,PRCP,0,,,a,
ASN00023000,20260101,TMAX,289,,,a,
ASN00023000,20260101,TMIN,105,,,a,
ASN00023000,20260101,PRCP,0,,,a,
ASN00023000,20260101,TAVG,222,H,,2,
ASN00023005,20260101,PRCP,0,,,a,
ASN00023011,20260101,PRCP,0,,,a,
ASN00023013,20260101,TMAX,299,,,a,
ASN00023013,20260101,TMIN,124,,,a,
ASN00023013,20260101,PRCP,0,,,a,
ASN00023034,20260101,TMAX,288,,,a,
ASN00023034,20260101,TMIN,118,,,a,
ASN00023034,20260101,PRCP,0,,,a,
ASN00023039,20260101,PRCP,0,,,a,
ASN00023042,20260101,PRCP,0,,,a,
ASN00023043,20260101,PRCP,0,,,a,
ASN00023055,20260101,PRCP,0,,,a,
ASN00023076,20260101,PRCP,0,,,a,
ASN00023083,20260101,TMAX,291,,,a,
ASN00023083,20260101,TMIN,128,,,a,
ASN00023083,20260101,PRCP,0,,,a,
ASN00023085,20260101,PRCP,0,,,a,
ASN00023087,20260101,PRCP,0,,,a,
ASN00023096,20260101,PRCP,0,,,a,
ASN00023101,20260101,PRCP,0,,,a,
ASN00023105,20260101,PRCP,0,,,a,
ASN00023107,20260101,PRCP,0,,,a,
ASN00023108,20260101,PRCP,0,,,a,
ASN00023114,20260101,PRCP,0,,,a,
ASN00023122,20260101,TMAX,292,,,a,
ASN00023122,20260101,TMIN,66,,,a,
ASN00023122,20260101,PRCP,0,,,a,
ASN00023128,20260101,PRCP,0,,,a,
ASN00023129,20260101,PRCP,0,,,a,
ASN00023133,20260101,PRCP,0,,,a,
ASN00023135,20260101,PRCP,0,,,a,
ASN00023137,20260101,PRCP,0,,,a,
ASN00023305,20260101,PRCP,0,,,a,
ASN00023306,20260101,PRCP,0,,,a,
ASN00023314,20260101,PRCP,0,,,a,
ASN00023318,20260101,PRCP,0,,,a,
ASN00023348,20260101,PRCP,0,,,a,
ASN00023349,20260101,PRCP,0,,,a,
ASN00023355,20260101,PRCP,0,,,a,
ASN00023357,20260101,PRCP,0,,,a,
ASN00023365,20260101,PRCP,0,,,a,
ASN00023369,20260101,PRCP,0,,,a,
ASN00023370,20260101,PRCP,0,,,a,
ASN00023372,20260101,PRCP,0,,,a,
ASN00023373,20260101,TMAX,273,,,a,
ASN00023373,20260101,TMIN,91,,,a,
ASN00023373,20260101,PRCP,0,,,a,
ASN00023374,20260101,PRCP,0,,,a,
ASN00023704,20260101,PRCP,0,,,a,
ASN00023705,20260101,PRCP,0,,,a,
ASN00023709,20260101,PRCP,0,,,a,
ASN00023710,20260101,PRCP,0,,,a,
ASN00023714,20260101,PRCP,0,,,a,
ASN00023719,20260101,PRCP,0,,,a,
ASN00023720,20260101,PRCP,0,,,a,
ASN00023721,20260101,PRCP,0,,,a,
ASN00023722,20260101,PRCP,0,,,a,
ASN00023723,20260101,PRCP,0,,,a,
ASN00023724,20260101,PRCP,0,,,a,
ASN00023725,20260101,PRCP,0,,,a,
ASN00023726,20260101,PRCP,0,,,a,
ASN00023731,20260101,PRCP,0,,,a,
ASN00023732,20260101,PRCP,0,,,a,
ASN00023733,20260101,TMAX,253,,,a,
ASN00023733,20260101,TMIN,76,,,a,
ASN00023733,20260101,PRCP,0,,,a,
ASN00023734,20260101,PRCP,0,,,a,
ASN00023737,20260101,PRCP,0,,,a,
ASN00023741,20260101,PRCP,0,,,a,
ASN00023747,20260101,PRCP,0,,,a,
ASN00023750,20260101,PRCP,0,,,a,
ASN00023752,20260101,PRCP,0,,,a,
ASN00023753,20260101,PRCP,0,,,a,
ASN00023754,20260101,PRCP,0,,,a,
ASN00023756,20260101,PRCP,0,,,a,
ASN00023758,20260101,PRCP,0,,,a,
ASN00023761,20260101,PRCP,0,,,a,
ASN00023783,20260101,PRCP,0,,,a,
ASN00023786,20260101,PRCP,0,,,a,
ASN00023787,20260101,PRCP,0,,,a,
ASN00023788,20260101,PRCP,0,,,a,
ASN00023799,20260101,PRCP,0,,,a,
ASN00023801,20260101,PRCP,0,,,a,
ASN00023803,20260101,PRCP,0,,,a,
ASN00023804,20260101,TMAX,207,,,a,
ASN00023804,20260101,TMIN,136,,,a,
ASN00023804,20260101,PRCP,0,,,a,
ASN00023817,20260101,PRCP,0,,,a,
ASN00023820,20260101,PRCP,0,,,a,
ASN00023822,20260101,PRCP,0,,,a,
ASN00023825,20260101,PRCP,0,,,a,
ASN00023839,20260101,PRCP,0,,,a,
ASN00023842,20260101,TMAX,235,,,a,
ASN00023842,20260101,TMIN,56,,,a,
ASN00023842,20260101,PRCP,0,,,a,
ASN00023843,20260101,PRCP,0,,,a,
ASN00023846,20260101,PRCP,0,,,a,
ASN00023858,20260101,PRCP,0,,,a,
ASN00023860,20260101,PRCP,0,,,a,
ASN00023862,20260101,PRCP,0,,,a,
ASN00023865,20260101,PRCP,0,,,a,
ASN00023866,20260101,PRCP,0,,,a,
ASN00023867,20260101,PRCP,0,,,a,
ASN00023873,20260101,PRCP,0,,,a,
ASN00023875,20260101,TMAX,181,,,a,
ASN00023875,20260101,TMIN,102,,,a,
ASN00023875,20260101,PRCP,0,,,a,
ASN00023877,20260101,PRCP,0,,,a,
ASN00023878,20260101,TMAX,247,,,a,
ASN00023878,20260101,TMIN,64,,,a,
ASN00023878,20260101,PRCP,0,,,a,
ASN00023879,20260101,PRCP,0,,,a,
ASN00023880,20260101,PRCP,0,,,a,
ASN00023881,20260101,PRCP,0,,,a,
ASN00023882,20260101,PRCP,0,,,a,
ASN00023885,20260101,TMAX,263,,,a,
ASN00023885,20260101,TMIN,112,,,a,
ASN00023885,20260101,PRCP,0,,,a,
ASN00023887,20260101,TMAX,219,,,a,
ASN00023887,20260101,TMIN,81,,,a,
ASN00023887,20260101,PRCP,0,,,a,
ASN00023890,20260101,PRCP,0,,,a,
ASN00023891,20260101,PRCP,0,,,a,
ASN00023892,20260101,PRCP,0,,,a,
ASN00023894,20260101,TMAX,206,,,a,
ASN00023894,20260101,TMIN,104,,,a,
ASN00023894,20260101,PRCP,0,,,a,
ASN00023896,20260101,PRCP,0,,,a,
ASN00023905,20260101,PRCP,0,,,a,
ASN00023910,20260101,PRCP,0,,,a,
ASN00023911,20260101,PRCP,0,,,a,
ASN00023915,20260101,PRCP,0,,,a,
ASN00023916,20260101,PRCP,0,,,a,
ASN00024003,20260101,PRCP,0,,,a,
ASN00024008,20260101,PRCP,0,,,a,
ASN00024010,20260101,PRCP,0,,,a,
ASN00024013,20260101,PRCP,0,,,a,
ASN00024024,20260101,TMAX,312,,,a,
ASN00024024,20260101,TMIN,107,,,a,
ASN00024024,20260101,PRCP,0,,,a,
ASN00024025,20260101,PRCP,0,,,a,
ASN00024029,20260101,PRCP,0,,,a,
ASN00024031,20260101,PRCP,0,,,a,
ASN00024038,20260101,PRCP,0,,,a,
ASN00024048,20260101,TMAX,313,,,a,
ASN00024048,20260101,TMIN,120,,,a,
ASN00024048,20260101,PRCP,0,,,a,
ASN00024501,20260101,PRCP,0,,,a,
ASN00024502,20260101,PRCP,0,,,a,
ASN00024504,20260101,PRCP,0,,,a,
ASN00024508,20260101,PRCP,0,,,a,
ASN00024509,20260101,PRCP,0,,,a,
ASN00024510,20260101,PRCP,0,,,a,
ASN00024511,20260101,TMAX,270,,,a,
ASN00024511,20260101,TMIN,88,,,a,
ASN00024511,20260101,PRCP,0,,,a,
ASN00024513,20260101,PRCP,0,,,a,
ASN00024515,20260101,PRCP,0,,,a,
ASN00024517,20260101,PRCP,0,,,a,
ASN00024518,20260101,PRCP,0,,,a,
ASN00024521,20260101,TMAX,272,,,a,
ASN00024521,20260101,TMIN,96,,,a,
ASN00024521,20260101,PRCP,0,,,a,
ASN00024525,20260101,PRCP,0,,,a,
ASN00024528,20260101,PRCP,0,,,a,
ASN00024530,20260101,PRCP,0,,,a,
ASN00024550,20260101,PRCP,0,,,a,
ASN00024551,20260101,PRCP,0,,,a,
ASN00024554,20260101,PRCP,0,,,a,
ASN00024555,20260101,PRCP,0,,,a,
ASN00024564,20260101,PRCP,0,,,a,
ASN00024571,20260101,PRCP,0,,,a,
ASN00024572,20260101,PRCP,0,,,a,
ASN00024573,20260101,PRCP,0,,,a,
ASN00024575,20260101,PRCP,0,,,a,
ASN00024576,20260101,PRCP,0,,,a,
ASN00024577,20260101,PRCP,0,,,a,
ASN00024579,20260101,PRCP,0,,,a,
ASN00024580,20260101,TMAX,239,,,a,
ASN00024580,20260101,TMIN,70,,,a,
ASN00024580,20260101,PRCP,0,,,a,
ASN00024583,20260101,PRCP,0,,,a,
ASN00024584,20260101,TMAX,268,,,a,
ASN00024584,20260101,TMIN,85,,,a,
ASN00024584,20260101,PRCP,0,,,a,
ASN00024585,20260101,PRCP,0,,,a,
ASN00024586,20260101,PRCP,0,,,a,
ASN00025002,20260101,PRCP,0,,,a,
ASN00025004,20260101,PRCP,0,,,a,
ASN00025006,20260101,TMIN,82,,,a,
ASN00025006,20260101,PRCP,0,,,a,
ASN00025013,20260101,PRCP,0,,,a,
ASN00025014,20260101,PRCP,0,,,a,
ASN00025015,20260101,PRCP,0,,,a,
ASN00025039,20260101,PRCP,0,,,a,
ASN00025046,20260101,PRCP,0,,,a,
ASN00025051,20260101,PRCP,0,,,a,
ASN00025502,20260101,PRCP,0,,,a,
ASN00025503,20260101,PRCP,0,,,a,
ASN00025504,20260101,PRCP,0,,,a,
ASN00025506,20260101,PRCP,0,,,a,
ASN00025507,20260101,TMAX,301,,,a,
ASN00025507,20260101,TMIN,71,,,a,
ASN00025507,20260101,PRCP,0,,,a,
ASN00025514,20260101,PRCP,0,,,a,
ASN00025518,20260101,PRCP,0,,,a,
ASN00025523,20260101,PRCP,0,,,a,
ASN00025557,20260101,TMAX,297,,,a,
ASN00025557,20260101,TMIN,47,,,a,
ASN00025557,20260101,PRCP,0,,,a,
ASN00025558,20260101,PRCP,0,,,a,
ASN00025560,20260101,PRCP,0,,,a,
ASN00025561,20260101,PRCP,0,,,a,
ASN00025562,20260101,TMAX,301,,,a,
ASN00025562,20260101,TMIN,66,,,a,
ASN00025562,20260101,PRCP,0,,,a,
ASN00026012,20260101,PRCP,0,,,a,
ASN00026014,20260101,PRCP,0,,,a,
ASN00026016,20260101,PRCP,0,,,a,
ASN00026017,20260101,PRCP,0,,,a,
ASN00026021,20260101,TMAX,223,,,a,
ASN00026021,20260101,TMIN,69,,,a,
ASN00026021,20260101,PRCP,0,,,a,
ASN00026026,20260101,TMAX,195,,,a,
ASN00026026,20260101,TMIN,91,,,a,
ASN00026026,20260101,PRCP,0,,,a,
ASN00026058,20260101,PRCP,0,,,a,
ASN00026062,20260101,PRCP,0,,,a,
ASN00026067,20260101,PRCP,0,,,a,
ASN00026075,20260101,PRCP,0,,,a,
ASN00026086,20260101,PRCP,0,,,a,
ASN00026091,20260101,TMAX,242,,,a,
ASN00026091,20260101,TMIN,69,,,a,
ASN00026091,20260101,PRCP,0,,,a,
ASN00026095,20260101,TMAX,226,,,a,
ASN00026095,20260101,TMIN,91,,,a,
ASN00026095,20260101,PRCP,0,,,a,
ASN00026099,20260101,TMAX,268,,,a,
ASN00026099,20260101,TMIN,45,,,a,
ASN00026099,20260101,PRCP,0,,,a,
ASN00026100,20260101,TMAX,276,,,a,
ASN00026100,20260101,TMIN,55,,,a,
ASN00026100,20260101,PRCP,0,,,a,
ASN00026101,20260101,PRCP,0,,,a,
ASN00026102,20260101,PRCP,0,,,a,
ASN00026103,20260101,PRCP,0,,,a,
ASN00026104,20260101,PRCP,0,,,a,
ASN00026105,20260101,TMAX,210,,,a,
ASN00026105,20260101,TMIN,77,,,a,
ASN00026105,20260101,PRCP,0,,,a,
ASN00026107,20260101,PRCP,0,,,a,
ASN00026109,20260101,PRCP,0,,,a,
ASN00026110,20260101,PRCP,0,,,a,
ASN00027015,20260101,PRCP,0,,,a,
ASN00027038,20260101,PRCP,114,,,a,
ASN00027044,20260101,PRCP,24,,,a,
ASN00027045,20260101,TMAX,318,,,a,
ASN00027045,20260101,TMIN,246,,,a,
ASN00027045,20260101,PRCP,256,,,a,
ASN00027054,20260101,TMAX,327,,,a,
ASN00027054,20260101,TMIN,273,,,a,
ASN00027054,20260101,PRCP,62,,,a,
ASN00027058,20260101,TMAX,316,,,a,
ASN00027058,20260101,TMIN,246,,,a,
ASN00027058,20260101,PRCP,62,,,a,
ASN00027061,20260101,PRCP,290,,,a,
ASN00027064,20260101,PRCP,40,,,a,
ASN00027072,20260101,PRCP,0,,,a,
ASN00027073,20260101,TMAX,347,,,a,
ASN00027073,20260101,TMIN,252,,,a,
ASN00027073,20260101,PRCP,0,,,a,
ASN00027075,20260101,TMAX,309,,,a,
ASN00027075,20260101,TMIN,256,,,a,
ASN00027075,20260101,PRCP,24,,,a,
ASN00028000,20260101,PRCP,196,,,a,
ASN00028004,20260101,TMAX,339,,,a,
ASN00028004,20260101,TMIN,236,,,a,
ASN00028004,20260101,PRCP,52,,,a,
ASN00028008,20260101,TMAX,349,,,a,
ASN00028008,20260101,TMIN,243,,,a,
ASN00028008,20260101,PRCP,0,,,a,
ASN00028013,20260101,PRCP,0,,,a,
ASN00028025,20260101,PRCP,170,,,a,
ASN00028027,20260101,PRCP,32,,,a,
ASN00029000,20260101,PRCP,0,,,a,
ASN00029001,20260101,PRCP,310,,,a,
ASN00029004,20260101,PRCP,0,,,a,
ASN00029008,20260101,PRCP,0,,,a,
ASN00029016,20260101,PRCP,0,,,a,
ASN00029027,20260101,PRCP,470,,,a,
ASN00029030,20260101,PRCP,330,,,a,
ASN00029032,20260101,PRCP,0,,,a,
ASN00029037,20260101,PRCP,105,,,a,
ASN00029038,20260101,TMAX,318,,,a,
ASN00029038,20260101,TMIN,266,,,a,
ASN00029038,20260101,PRCP,46,,,a,
ASN00029047,20260101,PRCP,60,,,a,
ASN00029048,20260101,PRCP,0,,,a,
ASN00029049,20260101,PRCP,130,,,a,
ASN00029057,20260101,PRCP,105,,,a,
ASN00029058,20260101,TMAX,291,,,a,
ASN00029058,20260101,TMIN,220,,,a,
ASN00029058,20260101,PRCP,392,,,a,
ASN00029061,20260101,PRCP,0,,,a,
ASN00029063,20260101,TMAX,317,,,a,
ASN00029063,20260101,TMIN,240,,,a,
ASN00029063,20260101,PRCP,306,,,a,
ASN00029069,20260101,PRCP,0,,,a,
ASN00029075,20260101,PRCP,0,,,a,
ASN00029077,20260101,TMAX,325,,,a,
ASN00029077,20260101,TMIN,251,,,a,
ASN00029077,20260101,PRCP,0,,,a,
ASN00029092,20260101,PRCP,40,,,a,
ASN00029100,20260101,PRCP,10,,,a,
ASN00029110,20260101,PRCP,110,,,a,
ASN00029118,20260101,PRCP,0,,,a,
ASN00029121,20260101,PRCP,0,,,a,
ASN00029126,20260101,PRCP,14,,,a,
ASN00029127,20260101,TMAX,292,,,a,
ASN00029127,20260101,TMIN,216,,,a,
ASN00029127,20260101,PRCP,16,,,a,
ASN00029129,20260101,PRCP,22,,,a,
ASN00029131,20260101,PRCP,220,,,a,
ASN00029132,20260101,PRCP,90,,,a,
ASN00029136,20260101,PRCP,66,,,a,
ASN00029139,20260101,TMAX,310,,,a,
ASN00029139,20260101,PRCP,2,,,a,
ASN00029141,20260101,TMAX,270,,,a,
ASN00029141,20260101,TMIN,209,,,a,
ASN00029141,20260101,PRCP,48,,,a,
ASN00029150,20260101,PRCP,60,,,a,
ASN00029154,20260101,PRCP,0,,,a,
ASN00029159,20260101,PRCP,0,,,a,
ASN00029166,20260101,PRCP,40,,,a,
ASN00029167,20260101,TMAX,330,,,a,
ASN00029167,20260101,TMIN,241,,,a,
ASN00029167,20260101,PRCP,26,,,a,
ASN00029169,20260101,PRCP,0,,,a,
ASN00030019,20260101,PRCP,0,,,a,
ASN00030022,20260101,TMAX,264,,,a,
ASN00030022,20260101,TMIN,223,,,a,
ASN00030022,20260101,PRCP,2,,,a,
ASN00030039,20260101,PRCP,770,,,a,
ASN00030048,20260101,PRCP,124,,,a,
ASN00030072,20260101,PRCP,22,,,a,
ASN00030082,20260101,PRCP,150,,,a,
ASN00030088,20260101,PRCP,190,,,a,
ASN00030102,20260101,PRCP,0,,,a,
ASN00030106,20260101,PRCP,305,,,a,
ASN00030107,20260101,PRCP,0,,,a,
ASN00030115,20260101,PRCP,520,,,a,
ASN00030124,20260101,TMAX,305,,,a,
ASN00030124,20260101,TMIN,219,,,a,
ASN00030124,20260101,PRCP,258,,,a,
ASN00030127,20260101,PRCP,0,,,a,
ASN00030130,20260101,PRCP,14,,,a,
ASN00030137,20260101,PRCP,20,,,a,
ASN00030143,20260101,PRCP,750,,,a,
ASN00030144,20260101,PRCP,698,,,a,
ASN00030154,20260101,PRCP,0,,,a,
ASN00030158,20260101,PRCP,4,,,a,
ASN00030161,20260101,TMAX,285,,,a,
ASN00030161,20260101,TMIN,233,,,a,
ASN00030161,20260101,PRCP,350,,,a,
ASN00031009,20260101,PRCP,0,,,a,
ASN00031011,20260101,TMAX,309,,,a,
ASN00031011,20260101,TMIN,240,,,a,
ASN00031011,20260101,PRCP,78,,,a,
ASN00031012,20260101,PRCP,60,,,a,
ASN00031032,20260101,PRCP,132,,,a,
ASN00031036,20260101,PRCP,240,,,a,
ASN00031037,20260101,TMAX,316,,,a,
ASN00031037,20260101,TMIN,246,,,a,
ASN00031037,20260101,PRCP,144,,,a,
ASN00031049,20260101,PRCP,80,,,a,
ASN00031051,20260101,PRCP,75,,,a,
ASN00031062,20260101,PRCP,126,,,a,
ASN00031069,20260101,PRCP,380,,,a,
ASN00031104,20260101,PRCP,70,,,a,
ASN00031108,20260101,TMAX,310,,,a,
ASN00031108,20260101,TMIN,205,,,a,
ASN00031108,20260101,PRCP,230,,,a,
ASN00031119,20260101,PRCP,344,,,a,
ASN00031125,20260101,PRCP,400,,,a,
ASN00031131,20260101,PRCP,164,,,a,
ASN00031140,20260101,PRCP,0,,,a,
ASN00031141,20260101,PRCP,0,,,a,
ASN00031158,20260101,PRCP,160,,,a,
ASN00031178,20260101,PRCP,300,,,a,
ASN00031180,20260101,PRCP,10,,,a,
ASN00031181,20260101,PRCP,120,,,a,
ASN00031182,20260101,PRCP,150,,,a,
ASN00031183,20260101,PRCP,0,,,a,
ASN00031184,20260101,PRCP,230,,,a,
ASN00031185,20260101,PRCP,120,,,a,
ASN00031186,20260101,PRCP,10,,,a,
ASN00031187,20260101,PRCP,110,,,a,
ASN00031188,20260101,PRCP,340,,,a,
ASN00031189,20260101,PRCP,190,,,a,
ASN00031191,20260101,PRCP,220,,,a,
ASN00031196,20260101,PRCP,10,,,a,
ASN00031197,20260101,PRCP,0,,,a,
ASN00031198,20260101,PRCP,290,,,a,
ASN00031200,20260101,PRCP,100,,,a,
ASN00031205,20260101,PRCP,220,,,a,
ASN00031209,20260101,TMAX,338,,,a,
ASN00031209,20260101,TMIN,236,,,a,
ASN00031209,20260101,PRCP,114,,,a,
ASN00031210,20260101,TMAX,318,,,a,
ASN00031210,20260101,TMIN,218,,,a,
ASN00031210,20260101,PRCP,364,,,a,
ASN00031213,20260101,TMAX,318,,,a,
ASN00031213,20260101,TMIN,232,,,a,
ASN00031213,20260101,PRCP,264,,,a,
ASN00032001,20260101,PRCP,670,,,a,
ASN00032002,20260101,PRCP,1188,,,a,
ASN00032004,20260101,TMAX,325,,,a,
ASN00032009,20260101,PRCP,12,,,a,
ASN00032020,20260101,PRCP,210,,,a,
ASN00032023,20260101,PRCP,2360,,,a,
ASN00032027,20260101,PRCP,0,,,a,
ASN00032032,20260101,PRCP,1890,,,a,
ASN00032033,20260101,PRCP,210,,,a,
ASN00032037,20260101,TMAX,307,,,a,
ASN00032037,20260101,TMIN,237,,,a,
ASN00032037,20260101,PRCP,110,,,a,
ASN00032040,20260101,TMAX,278,,,a,
ASN00032040,20260101,TMIN,230,,,a,
ASN00032040,20260101,PRCP,2230,,,a,
ASN00032042,20260101,PRCP,285,,,a,
ASN00032043,20260101,PRCP,362,,,a,
ASN00032045,20260101,PRCP,972,,,a,
ASN00032050,20260101,PRCP,2040,,,a,
ASN00032064,20260101,PRCP,1287,,,a,
ASN00032078,20260101,PRCP,818,,,a,
ASN00032094,20260101,PRCP,1010,,,a,
ASN00032098,20260101,PRCP,2100,,,a,
ASN00032101,20260101,PRCP,1650,,,a,
ASN00032109,20260101,PRCP,210,,,a,
ASN00032117,20260101,PRCP,1810,,,a,
ASN00032119,20260101,PRCP,0,,,a,
ASN00032152,20260101,PRCP,140,,,a,
ASN00032161,20260101,PRCP,170,,,a,
ASN00032162,20260101,PRCP,800,,,a,
ASN00032163,20260101,PRCP,110,,,a,
ASN00032164,20260101,PRCP,650,,,a,
ASN00032165,20260101,PRCP,130,,,a,
ASN00032166,20260101,PRCP,150,,,a,
ASN00032167,20260101,PRCP,90,,,a,
ASN00032169,20260101,PRCP,300,,,a,
ASN00032170,20260101,PRCP,40,,,a,
ASN00032172,20260101,PRCP,30,,,a,
ASN00032173,20260101,PRCP,290,,,a,
ASN00032174,20260101,PRCP,0,,,a,
ASN00032176,20260101,PRCP,180,,,a,
ASN00032183,20260101,PRCP,540,,,a,
ASN00032184,20260101,PRCP,40,,,a,
ASN00032185,20260101,PRCP,2330,,,a,
ASN00032186,20260101,PRCP,370,,,a,
ASN00032191,20260101,PRCP,760,,,a,
ASN00032192,20260101,PRCP,1468,,,a,
ASN00033001,20260101,PRCP,0,,,a,
ASN00033002,20260101,TMAX,265,,,a,
ASN00033002,20260101,TMIN,235,,,a,
ASN00033002,20260101,PRCP,140,,,a,
ASN00033007,20260101,TMAX,284,H,,2,
ASN00033007,20260101,TMIN,241,H,,2,
ASN00033007,20260101,TAVG,270,H,,2,
ASN00033008,20260101,PRCP,0,,,a,
ASN00033013,20260101,TMAX,310,,,a,
ASN00033013,20260101,TMIN,235,,,a,
ASN00033013,20260101,PRCP,0,,,a,
ASN00033023,20260101,PRCP,0,,,a,
ASN00033027,20260101,PRCP,0,,,a,
ASN00033032,20260101,PRCP,0,,,a,
ASN00033038,20260101,PRCP,10,,,a,
ASN00033041,20260101,PRCP,0,,,a,
ASN00033045,20260101,TMAX,307,,,a,
ASN00033045,20260101,TMIN,224,,,a,
ASN00033045,20260101,PRCP,0,,,a,
ASN00033051,20260101,PRCP,238,,,a,
ASN00033053,20260101,PRCP,0,,,a,
ASN00033059,20260101,PRCP,0,,,a,
ASN00033062,20260101,PRCP,22,,,a,
ASN00033068,20260101,PRCP,0,,,a,
ASN00033073,20260101,PRCP,0,,,a,
ASN00033077,20260101,PRCP,0,,,a,
ASN00033082,20260101,PRCP,0,,,a,
ASN00033083,20260101,PRCP,0,,,a,
ASN00033095,20260101,PRCP,0,,,a,
ASN00033106,20260101,TMAX,289,,,a,
ASN00033106,20260101,TMIN,259,,,a,
ASN00033106,20260101,PRCP,0,,,a,
ASN00033111,20260101,PRCP,0,,,a,
ASN00033119,20260101,TMAX,310,,,a,
ASN00033119,20260101,TMIN,237,,,a,
ASN00033119,20260101,PRCP,0,,,a,
ASN00033119,20260101,TAVG,277,H,,2,
ASN00033143,20260101,PRCP,50,,,a,
ASN00033170,20260101,PRCP,0,,,a,
ASN00033175,20260101,PRCP,0,,,a,
ASN00033186,20260101,PRCP,0,,,a,
ASN00033195,20260101,TMAX,299,,,a,
ASN00033195,20260101,TMIN,229,,,a,
ASN00033195,20260101,PRCP,0,,,a,
ASN00033210,20260101,TMAX,303,,,a,
ASN00033210,20260101,TMIN,234,,,a,
ASN00033210,20260101,PRCP,0,,,a,
ASN00033226,20260101,PRCP,160,,,a,
ASN00033229,20260101,PRCP,0,,,a,
ASN00033247,20260101,TMAX,302,,,a,
ASN00033247,20260101,TMIN,218,,,a,
ASN00033247,20260101,PRCP,0,,,a,
ASN00033255,20260101,PRCP,1,,,a,
ASN00033260,20260101,PRCP,0,,,a,
ASN00033263,20260101,PRCP,0,,,a,
ASN00033264,20260101,PRCP,0,,,a,
ASN00033266,20260101,PRCP,0,,,a,
ASN00033267,20260101,PRCP,0,,,a,
ASN00033268,20260101,PRCP,0,,,a,
ASN00033269,20260101,PRCP,0,,,a,
ASN00033270,20260101,PRCP,0,,,a,
ASN00033277,20260101,PRCP,0,,,a,
ASN00033280,20260101,PRCP,340,,,a,
ASN00033285,20260101,PRCP,0,,,a,
ASN00033286,20260101,PRCP,90,,,a,
ASN00033287,20260101,PRCP,10,,,a,
ASN00033288,20260101,PRCP,140,,,a,
ASN00033289,20260101,PRCP,0,,,a,
ASN00033290,20260101,PRCP,0,,,a,
ASN00033291,20260101,PRCP,0,,,a,
ASN00033292,20260101,PRCP,0,,,a,
ASN00033294,20260101,TMAX,289,,,a,
ASN00033294,20260101,TMIN,230,,,a,
ASN00033294,20260101,PRCP,0,,,a,
ASN00033295,20260101,TMAX,269,,,a,
ASN00033295,20260101,TMIN,239,,,a,
ASN00033295,20260101,PRCP,220,,,a,
ASN00033299,20260101,PRCP,0,,,a,
ASN00033300,20260101,PRCP,0,,,a,
ASN00033301,20260101,PRCP,0,,,a,
ASN00033302,20260101,PRCP,0,,,a,
ASN00033303,20260101,PRCP,0,,,a,
ASN00033304,20260101,PRCP,0,,,a,
ASN00033306,20260101,PRCP,0,,,a,
ASN00033307,20260101,TMAX,238,,,a,
ASN00033307,20260101,TMIN,200,,,a,
ASN00033307,20260101,PRCP,0,,,a,
ASN00033308,20260101,TMAX,291,,,a,
ASN00033308,20260101,TMIN,207,,,a,
ASN00033308,20260101,PRCP,0,,,a,
ASN00033310,20260101,PRCP,0,,,a,
ASN00033312,20260101,PRCP,0,,,a,
ASN00033313,20260101,PRCP,0,,,a,
ASN00034007,20260101,PRCP,0,,,a,
ASN00034010,20260101,PRCP,0,,,a,
ASN00034015,20260101,PRCP,0,,,a,
ASN00034044,20260101,PRCP,0,,,a,
ASN00034049,20260101,PRCP,0,,,a,
ASN00034050,20260101,PRCP,0,,,a,
ASN00034051,20260101,PRCP,0,,,a,
ASN00034061,20260101,PRCP,40,,,a,
ASN00034084,20260101,TMAX,270,,,a,
ASN00034084,20260101,TMIN,0,,G,a,
ASN00034084,20260101,PRCP,70,,,a,
ASN00034094,20260101,PRCP,0,,,a,
ASN00034097,20260101,PRCP,30,,,a,
ASN00035001,20260101,PRCP,0,,,a,
ASN00035002,20260101,PRCP,6,,,a,
ASN00035003,20260101,PRCP,0,,,a,
ASN00035014,20260101,PRCP,46,,,a,
ASN00035015,20260101,PRCP,0,,,a,
ASN00035016,20260101,PRCP,0,,,a,
ASN00035025,20260101,PRCP,0,,,a,
ASN00035026,20260101,PRCP,0,,,a,
ASN00035031,20260101,PRCP,0,,,a,
ASN00035039,20260101,PRCP,32,,,a,
ASN00035040,20260101,PRCP,0,,,a,
ASN00035049,20260101,PRCP,0,,,a,
ASN00035053,20260101,PRCP,0,,,a,
ASN00035063,20260101,PRCP,0,,,a,
ASN00035064,20260101,PRCP,0,,,a,
ASN00035065,20260101,TMAX,310,,,a,
ASN00035065,20260101,TMIN,201,,,a,
ASN00035065,20260101,PRCP,18,,,a,
ASN00035068,20260101,PRCP,36,,,a,
ASN00035069,20260101,TMAX,328,,,a,
ASN00035069,20260101,TMIN,199,,,a,
ASN00035069,20260101,PRCP,12,,,a,
ASN00035070,20260101,TMAX,320,,,a,
ASN00035070,20260101,TMIN,156,,,a,
ASN00035070,20260101,PRCP,22,,,a,
ASN00035072,20260101,PRCP,14,,,a,
ASN00035077,20260101,PRCP,0,,,a,
ASN00035081,20260101,PRCP,50,,,a,
ASN00035088,20260101,PRCP,10,,,a,
ASN00035093,20260101,PRCP,6,,,a,
ASN00035094,20260101,PRCP,40,,,a,
ASN00035109,20260101,PRCP,0,,,a,
ASN00035117,20260101,PRCP,0,,,a,
ASN00035131,20260101,PRCP,0,,,a,
ASN00035135,20260101,PRCP,44,,,a,
ASN00035164,20260101,PRCP,0,,,a,
ASN00035165,20260101,PRCP,0,,,a,
ASN00035182,20260101,PRCP,66,,,a,
ASN00035205,20260101,PRCP,10,,,a,
ASN00035207,20260101,PRCP,0,,,a,
ASN00035215,20260101,PRCP,0,,,a,
ASN00035225,20260101,PRCP,4,,,a,
ASN00035241,20260101,PRCP,10,,,a,
ASN00035242,20260101,PRCP,16,,,a,
ASN00035264,20260101,TMAX,329,,,a,
ASN00035264,20260101,TMIN,224,,,a,
ASN00035264,20260101,PRCP,2,,,a,
ASN00035271,20260101,PRCP,0,,,a,
ASN00035274,20260101,PRCP,0,,,a,
ASN00035275,20260101,PRCP,50,,,a,
ASN00035282,20260101,PRCP,10,,,a,
ASN00035286,20260101,PRCP,20,,,a,
ASN00036004,20260101,PRCP,80,,,a,
ASN00036006,20260101,PRCP,0,,,a,
ASN00036007,20260101,TMAX,270,,,a,
ASN00036007,20260101,TMIN,160,,,a,
ASN00036007,20260101,PRCP,32,,,a,
ASN00036011,20260101,PRCP,82,,,a,
ASN00036012,20260101,PRCP,0,,,a,
ASN00036023,20260101,PRCP,0,,,a,
ASN00036026,20260101,TMAX,337,,,a,
ASN00036026,20260101,TMIN,219,,,a,
ASN00036026,20260101,PRCP,0,,,a,
ASN00036028,20260101,PRCP,78,,,a,
ASN00036031,20260101,TMAX,270,,,a,
ASN00036031,20260101,TMIN,205,,,a,
ASN00036031,20260101,PRCP,50,,,a,
ASN00036031,20260101,TAVG,221,H,,2,
ASN00036034,20260101,TMAX,332,,,a,
ASN00036034,20260101,TMIN,207,,,a,
ASN00036034,20260101,PRCP,2,,,a,
ASN00036036,20260101,PRCP,0,,,a,
ASN00036037,20260101,PRCP,100,,,a,
ASN00036040,20260101,PRCP,0,,,a,
ASN00036046,20260101,PRCP,150,,,a,
ASN00036050,20260101,PRCP,8,,,a,
ASN00036066,20260101,PRCP,84,,,a,
ASN00036074,20260101,PRCP,0,,,a,
ASN00036083,20260101,PRCP,0,,,a,
ASN00036092,20260101,PRCP,90,,,a,
ASN00036094,20260101,PRCP,0,,,a,
ASN00036123,20260101,PRCP,0,,,a,
ASN00036127,20260101,PRCP,0,,,a,
ASN00036139,20260101,PRCP,10,,,a,
ASN00036143,20260101,PRCP,2,,,a,
ASN00036144,20260101,PRCP,0,,,a,
ASN00036160,20260101,PRCP,0,,,a,
ASN00036168,20260101,PRCP,0,,,a,
ASN00036172,20260101,PRCP,16,,,a,
ASN00037000,20260101,PRCP,1116,,,a,
ASN00037003,20260101,PRCP,0,,,a,
ASN00037010,20260101,TMAX,314,,,a,
ASN00037010,20260101,TMIN,224,,,a,
ASN00037010,20260101,PRCP,40,,,a,
ASN00037010,20260101,TAVG,261,H,,2,
ASN00037034,20260101,TMAX,257,,,a,
ASN00037034,20260101,TMIN,202,,,a,
ASN00037034,20260101,PRCP,28,,,a,
ASN00037036,20260101,TMAX,249,,,a,
ASN00037036,20260101,TMIN,198,,,a,
ASN00037036,20260101,PRCP,64,,,a,
ASN00037039,20260101,TMAX,225,,,a,
ASN00037039,20260101,TMIN,188,,,a,
ASN00037039,20260101,PRCP,898,,,a,
ASN00037046,20260101,PRCP,865,,,a,
ASN00037056,20260101,PRCP,280,,,a,
ASN00039241,20260101,PRCP,0,,,a,
ASN00039242,20260101,PRCP,0,,,a,
ASN00039248,20260101,PRCP,0,,,a,
ASN00039252,20260101,PRCP,0,,,a,
ASN00039255,20260101,PRCP,0,,,a,
ASN00039256,20260101,PRCP,160,,,a,
ASN00039258,20260101,PRCP,18,,,a,
ASN00039290,20260101,PRCP,0,,,a,
ASN00037104,20260101,PRCP,156,,,a,
ASN00037105,20260101,PRCP,200,,,a,
ASN00037106,20260101,PRCP,69,,,a,
ASN00037112,20260101,PRCP,0,,,a,
ASN00037115,20260101,PRCP,24,,,a,
ASN00037118,20260101,PRCP,890,,,a,
ASN00037120,20260101,PRCP,400,,,a,
ASN00038000,20260101,TMAX,368,,,a,
ASN00038000,20260101,TMIN,224,,,a,
ASN00038000,20260101,PRCP,0,,,a,
ASN00038002,20260101,PRCP,0,,,a,
ASN00038005,20260101,PRCP,0,,,a,
ASN00038010,20260101,PRCP,0,,,a,
ASN00038014,20260101,PRCP,0,,,a,
ASN00038020,20260101,PRCP,0,,,a,
ASN00040341,20260101,PRCP,58,,,a,
ASN00040343,20260101,PRCP,90,,,a,
ASN00040376,20260101,PRCP,78,,,a,
ASN00040388,20260101,PRCP,78,,,a,
ASN00040390,20260101,PRCP,6,,,a,
ASN00040394,20260101,PRCP,170,,,a,
ASN00040396,20260101,PRCP,58,,,a,
ASN00040400,20260101,PRCP,794,,,a,
ASN00040405,20260101,TMAX,283,,,a,
ASN00040405,20260101,TMIN,212,,,a,
ASN00040405,20260101,PRCP,4,,,a,
ASN00040607,20260101,PRCP,60,,,a,
ASN00040635,20260101,PRCP,0,,,a,
ASN00040659,20260101,PRCP,0,,,a,
ASN00040671,20260101,PRCP,14,,,a,
ASN00040672,20260101,PRCP,0,,,a,
ASN00040677,20260101,PRCP,120,,,a,
ASN00040686,20260101,PRCP,118,,,a,
ASN00040688,20260101,PRCP,90,,,a,
ASN00040693,20260101,PRCP,218,,,a,
ASN00040695,20260101,PRCP,70,,,a,
ASN00040708,20260101,PRCP,20,,,a,
ASN00040714,20260101,PRCP,90,,,a,
ASN00040715,20260101,PRCP,42,,,a,
ASN00040717,20260101,TMAX,290,,,a,
ASN00040717,20260101,TMIN,190,,,a,
ASN00040717,20260101,PRCP,22,,,a,
ASN00040738,20260101,PRCP,70,,,a,
ASN00040754,20260101,PRCP,80,,,a,
ASN00040761,20260101,PRCP,30,,,a,
ASN00040762,20260101,PRCP,40,,,a,
ASN00040763,20260101,PRCP,24,,,a,
ASN00040764,20260101,TMAX,295,,,a,
ASN00040764,20260101,TMIN,195,,,a,
ASN00040764,20260101,PRCP,20,,,a,
ASN00040770,20260101,PRCP,0,,,a,
ASN00040777,20260101,PRCP,226,,,a,
ASN00040778,20260101,PRCP,240,,,a,
ASN00040782,20260101,PRCP,220,,,a,
ASN00040784,20260101,PRCP,100,,,a,
ASN00040785,20260101,PRCP,190,,,a,
ASN00040786,20260101,PRCP,70,,,a,
ASN00040788,20260101,PRCP,150,,,a,
ASN00040793,20260101,PRCP,244,,,a,
ASN00040794,20260101,PRCP,450,,,a,
ASN00040801,20260101,PRCP,216,,,a,
ASN00040811,20260101,PRCP,40,,,a,
ASN00040814,20260101,PRCP,280,,,a,
ASN00040816,20260101,PRCP,60,,,a,
ASN00040823,20260101,PRCP,100,,,a,
ASN00040824,20260101,PRCP,490,,,a,
ASN00040825,20260101,PRCP,260,,,a,
ASN00040827,20260101,PRCP,160,,,a,
ASN00040829,20260101,PRCP,20,,,a,
ASN00040830,20260101,PRCP,470,,,a,
ASN00040832,20260101,PRCP,70,,,a,
ASN00040833,20260101,PRCP,20,,,a,
ASN00040836,20260101,PRCP,100,,,a,
ASN00040841,20260101,PRCP,200,,,a,
ASN00040842,20260101,TMAX,295,,,a,
ASN00040842,20260101,TMIN,197,,,a,
ASN00040842,20260101,PRCP,38,,,a,
ASN00040844,20260101,PRCP,70,,,a,
ASN00040846,20260101,PRCP,30,,,a,
ASN00040847,20260101,PRCP,40,,,a,
ASN00040848,20260101,PRCP,64,,,a,
ASN00040849,20260101,PRCP,15,,,a,
ASN00040853,20260101,PRCP,0,,,a,
ASN00040861,20260101,TMAX,280,,,a,
ASN00040861,20260101,TMIN,195,,,a,
ASN00040861,20260101,PRCP,40,,,a,
ASN00040865,20260101,PRCP,110,,,a,
ASN00040867,20260101,PRCP,250,,,a,
ASN00040868,20260101,PRCP,126,,,a,
ASN00040876,20260101,PRCP,76,,,a,
ASN00040878,20260101,PRCP,50,,,a,
ASN00040881,20260101,PRCP,10,,,a,
ASN00040882,20260101,PRCP,60,,,a,
ASN00040889,20260101,PRCP,282,,,a,
ASN00040891,20260101,PRCP,86,,,a,
ASN00040892,20260101,PRCP,88,,,a,
ASN00040893,20260101,PRCP,120,,,a,
ASN00040902,20260101,PRCP,60,,,a,
ASN00040903,20260101,PRCP,110,,,a,
ASN00040904,20260101,PRCP,0,,,a,
ASN00040905,20260101,PRCP,50,,,a,
ASN00040906,20260101,PRCP,220,,,a,
ASN00040907,20260101,PRCP,10,,,a,
ASN00040908,20260101,TMAX,279,,,a,
ASN00040908,20260101,TMIN,204,,,a,
ASN00040908,20260101,PRCP,60,,,a,
ASN00040912,20260101,PRCP,42,,,a,
ASN00040913,20260101,TMAX,304,,,a,
ASN00040913,20260101,TMIN,202,,,a,
ASN00040913,20260101,PRCP,20,,,a,
ASN00040914,20260101,PRCP,186,,,a,
ASN00040922,20260101,TMAX,294,,,a,
ASN00040922,20260101,TMIN,177,,,a,
ASN00040922,20260101,PRCP,70,,,a,
ASN00040924,20260101,PRCP,56,,,a,
ASN00040928,20260101,PRCP,130,,,a,
ASN00040931,20260101,PRCP,90,,,a,
ASN00040932,20260101,PRCP,60,,,a,
ASN00040933,20260101,PRCP,50,,,a,
ASN00040934,20260101,PRCP,40,,,a,
ASN00040935,20260101,PRCP,60,,,a,
ASN00040936,20260101,PRCP,120,,,a,
ASN00040938,20260101,PRCP,90,,,a,
ASN00040939,20260101,PRCP,110,,,a,
ASN00040940,20260101,PRCP,48,,,a,
ASN00040941,20260101,PRCP,100,,,a,
ASN00040944,20260101,PRCP,100,,,a,
ASN00040089,20260101,PRCP,110,,,a,
ASN00040093,20260101,TMAX,292,,,a,
ASN00040093,20260101,TMIN,194,,,a,
ASN00040093,20260101,PRCP,552,,,a,
ASN00040093,20260101,TAVG,235,H,,2,
ASN00040094,20260101,PRCP,374,,,a,
ASN00040104,20260101,PRCP,230,,,a,
ASN00040106,20260101,PRCP,379,,,a,
ASN00040126,20260101,TMAX,288,,,a,
ASN00040126,20260101,TMIN,203,,,a,
ASN00040126,20260101,PRCP,76,,,a,
ASN00040126,20260101,TAVG,239,H,,2,
ASN00040135,20260101,PRCP,300,,,a,
ASN00040139,20260101,PRCP,230,,,a,
ASN00040140,20260101,PRCP,42,,,a,
ASN00040141,20260101,PRCP,30,,,a,
ASN00040151,20260101,PRCP,0,,,a,
ASN00040162,20260101,PRCP,200,,,a,
ASN00040167,20260101,PRCP,80,,,a,
ASN00040169,20260101,PRCP,42,,,a,
ASN00040170,20260101,PRCP,20,,,a,
ASN00040177,20260101,PRCP,0,,,a,
ASN00040189,20260101,PRCP,42,,,a,
ASN00040196,20260101,PRCP,30,,,a,
ASN00040197,20260101,PRCP,104,,,a,
ASN00040199,20260101,PRCP,100,,,a,
ASN00040205,20260101,PRCP,194,,,a,
ASN00040209,20260101,TMAX,317,,,a,
ASN00040209,20260101,TMIN,184,,,a,
ASN00040209,20260101,PRCP,10,,,a,
ASN00040211,20260101,TMAX,308,,,a,
ASN00040211,20260101,TMIN,199,,,a,
ASN00040211,20260101,PRCP,176,,,a,
ASN00040212,20260101,PRCP,52,,,a,
ASN00040224,20260101,PRCP,50,,,a,
ASN00040237,20260101,PRCP,0,,,a,
ASN00040246,20260101,PRCP,10,,,a,
ASN00040247,20260101,PRCP,180,,,a,
ASN00040251,20260101,PRCP,0,,,a,
ASN00040255,20260101,PRCP,0,,,a,
ASN00040259,20260101,PRCP,108,,,a,
ASN00040269,20260101,PRCP,5,,,a,
ASN00040284,20260101,TMAX,291,,,a,
ASN00040284,20260101,TMIN,192,,,a,
ASN00040284,20260101,PRCP,316,,,a,
ASN00040290,20260101,PRCP,196,,,a,
ASN00040301,20260101,PRCP,42,,,a,
ASN00040307,20260101,PRCP,90,,,a,
ASN00040312,20260101,PRCP,120,,,a,
ASN00040317,20260101,PRCP,0,,,a,
ASN00040320,20260101,PRCP,0,,,a,
ASN00040334,20260101,PRCP,180,,,a,
ASN00040335,20260101,PRCP,84,,,a,
ASN00040945,20260101,PRCP,90,,,a,
ASN00040946,20260101,PRCP,90,,,a,
ASN00040947,20260101,PRCP,210,,,a,
ASN00040948,20260101,PRCP,150,,,a,
ASN00040949,20260101,PRCP,260,,,a,
ASN00040962,20260101,PRCP,102,,,a,
ASN00040964,20260101,PRCP,102,,,a,
ASN00040965,20260101,PRCP,80,,,a,
ASN00040969,20260101,PRCP,66,,,a,
ASN00040973,20260101,PRCP,60,,,a,
ASN00040976,20260101,PRCP,48,,,a,
ASN00040978,20260101,PRCP,80,,,a,
ASN00040979,20260101,PRCP,40,,,a,
ASN00040980,20260101,PRCP,370,,,a,
ASN00040981,20260101,PRCP,20,,,a,
ASN00041012,20260101,PRCP,16,,,a,
ASN00041013,20260101,PRCP,3,,,a,
ASN00041016,20260101,PRCP,24,,,a,
ASN00041022,20260101,PRCP,34,,,a,
ASN00041024,20260101,PRCP,68,,,a,
ASN00041041,20260101,PRCP,0,,,a,
ASN00041052,20260101,PRCP,74,,,a,
ASN00041072,20260101,PRCP,0,,,a,
ASN00041082,20260101,PRCP,10,,,a,
ASN00041083,20260101,PRCP,0,,,a,
ASN00041085,20260101,PRCP,134,,,a,
ASN00041086,20260101,PRCP,100,,,a,
ASN00041090,20260101,PRCP,0,,,a,
ASN00041092,20260101,PRCP,0,,,a,
ASN00041095,20260101,TMAX,290,,,a,
ASN00041095,20260101,TMIN,135,,,a,
ASN00041095,20260101,PRCP,32,,,a,
ASN00041096,20260101,PRCP,26,,,a,
ASN00041100,20260101,TMAX,360,,,a,
ASN00041100,20260101,TMIN,175,,,a,
ASN00041100,20260101,PRCP,0,,,a,
ASN00041106,20260101,PRCP,0,,,a,
ASN00041112,20260101,PRCP,0,,,a,
ASN00041116,20260101,PRCP,0,,,a,
ASN00041120,20260101,PRCP,154,,,a,
ASN00041128,20260101,PRCP,0,,,a,
ASN00041134,20260101,PRCP,154,,,a,
ASN00041145,20260101,PRCP,114,,,a,
ASN00041152,20260101,PRCP,4,,,a,
ASN00041162,20260101,PRCP,0,,,a,
ASN00041166,20260101,PRCP,36,,,a,
ASN00041169,20260101,PRCP,0,,,a,
ASN00041175,20260101,TMAX,281,,,a,
ASN00041175,20260101,TMIN,121,,,a,
ASN00041175,20260101,PRCP,24,,,a,
ASN00041175,20260101,TAVG,201,H,,2,
ASN00041182,20260101,PRCP,110,,,a,
ASN00041198,20260101,PRCP,20,,,a,
ASN00041208,20260101,PRCP,110,,,a,
ASN00041219,20260101,PRCP,0,,,a,
ASN00041229,20260101,PRCP,146,,,a,
ASN00041230,20260101,PRCP,0,,,a,
ASN00041240,20260101,PRCP,36,,,a,
ASN00041250,20260101,PRCP,38,,,a,
ASN00041259,20260101,PRCP,24,,,a,
ASN00041276,20260101,PRCP,24,,,a,
ASN00041277,20260101,PRCP,52,,,a,
ASN00041314,20260101,PRCP,72,,,a,
ASN00041323,20260101,PRCP,90,,,a,
ASN00041338,20260101,PRCP,0,,,a,
ASN00041344,20260101,PRCP,0,,,a,
ASN00041348,20260101,PRCP,14,,,a,
ASN00041359,20260101,TMAX,321,,,a,
ASN00041359,20260101,TMIN,175,,,a,
ASN00041359,20260101,PRCP,64,,,a,
ASN00041370,20260101,PRCP,80,,,a,
ASN00041376,20260101,PRCP,0,,,a,
ASN00041388,20260101,PRCP,0,,,a,
ASN00041391,20260101,PRCP,0,,,a,
ASN00041397,20260101,PRCP,0,,,a,
ASN00041404,20260101,DAPR,6,,,a,
ASN00041404,20260101,DWPR,6,,,a,
ASN00041404,20260101,MDPR,6,,,a,
ASN00041405,20260101,PRCP,0,,,a,
ASN00041415,20260101,PRCP,0,,,a,
ASN00041430,20260101,PRCP,0,,,a,
ASN00041445,20260101,PRCP,0,,,a,
ASN00041457,20260101,PRCP,0,,,a,
ASN00041464,20260101,PRCP,152,,,a,
ASN00041469,20260101,PRCP,46,,,a,
ASN00041473,20260101,PRCP,0,,,a,
ASN00041488,20260101,PRCP,8,,,a,
ASN00041489,20260101,PRCP,0,,,a,
ASN00041490,20260101,PRCP,90,,,a,
ASN00041491,20260101,PRCP,0,,,a,
ASN00041493,20260101,PRCP,0,,,a,
ASN00041495,20260101,PRCP,0,,,a,
ASN00041503,20260101,PRCP,20,,,a,
ASN00041506,20260101,PRCP,0,,,a,
ASN00041507,20260101,PRCP,0,,,a,
ASN00041508,20260101,PRCP,10,,,a,
ASN00041509,20260101,PRCP,0,,,a,
ASN00041514,20260101,PRCP,0,,,a,
ASN00041519,20260101,PRCP,0,,,a,
ASN00041522,20260101,TMAX,322,,,a,
ASN00041522,20260101,TMIN,189,,,a,
ASN00041522,20260101,PRCP,18,,,a,
ASN00041525,20260101,TMAX,308,,,a,
ASN00041525,20260101,TMIN,163,,,a,
ASN00041525,20260101,PRCP,146,,,a,
ASN00041528,20260101,PRCP,86,,,a,
ASN00041529,20260101,TMAX,289,,,a,
ASN00041529,20260101,TMIN,166,,,a,
ASN00041529,20260101,PRCP,36,,,a,
ASN00041530,20260101,PRCP,150,,,a,
ASN00041531,20260101,PRCP,10,,,a,
ASN00041532,20260101,PRCP,30,,,a,
ASN00041534,20260101,PRCP,40,,,a,
ASN00041535,20260101,PRCP,30,,,a,
ASN00041536,20260101,PRCP,20,,,a,
ASN00041537,20260101,PRCP,0,,,a,
ASN00041540,20260101,PRCP,0,,,a,
ASN00041545,20260101,PRCP,52,,,a,
ASN00041546,20260101,PRCP,54,,,a,
ASN00041547,20260101,PRCP,0,,,a,
ASN00041548,20260101,PRCP,0,,,a,
ASN00041551,20260101,PRCP,110,,,a,
ASN00042002,20260101,PRCP,90,,,a,
ASN00042022,20260101,PRCP,0,,,a,
ASN00042023,20260101,PRCP,140,,,a,
ASN00042025,20260101,PRCP,20,,,a,
ASN00042035,20260101,PRCP,92,,,a,
ASN00042036,20260101,PRCP,0,,,a,
ASN00042050,20260101,PRCP,0,,,a,
ASN00042053,20260101,PRCP,0,,,a,
ASN00042102,20260101,PRCP,44,,,a,
ASN00042104,20260101,PRCP,0,,,a,
ASN00042111,20260101,PRCP,0,,,a,
ASN00042112,20260101,TMAX,330,,,a,
ASN00042112,20260101,TMIN,192,,,a,
ASN00042112,20260101,PRCP,136,,,a,
ASN00038023,20260101,PRCP,0,,,a,
ASN00038024,20260101,PRCP,12,,,a,
ASN00038026,20260101,TMAX,380,,,a,
ASN00038026,20260101,TMIN,261,,,a,
ASN00038026,20260101,PRCP,0,,,a,
ASN00038031,20260101,PRCP,0,,,a,
ASN00038035,20260101,PRCP,76,,,a,
ASN00038056,20260101,PRCP,0,,,a,
ASN00038060,20260101,PRCP,0,,,a,
ASN00038063,20260101,PRCP,20,,,a,
ASN00039000,20260101,PRCP,6,,,a,
ASN00039002,20260101,PRCP,0,,,a,
ASN00039009,20260101,PRCP,0,,,a,
ASN00039018,20260101,PRCP,0,,,a,
ASN00042115,20260101,PRCP,4,,,a,
ASN00042116,20260101,PRCP,0,,,a,
ASN00043006,20260101,PRCP,6,,,a,
ASN00043008,20260101,PRCP,0,,,a,
ASN00043015,20260101,TMAX,322,,,a,
ASN00043015,20260101,TMIN,191,,,a,
ASN00043015,20260101,PRCP,50,,,a,
ASN00043020,20260101,TMAX,361,,,a,
ASN00043020,20260101,TMIN,204,,,a,
ASN00043020,20260101,PRCP,0,,,a,
ASN00043033,20260101,PRCP,60,,,a,
ASN00043035,20260101,TMAX,342,,,a,
ASN00043035,20260101,TMIN,198,,,a,
ASN00043035,20260101,PRCP,76,,,a,
ASN00043038,20260101,PRCP,160,,,a,
ASN00043043,20260101,PRCP,0,,,a,
ASN00043051,20260101,PRCP,78,,,a,
ASN00043052,20260101,PRCP,0,,,a,
ASN00043054,20260101,PRCP,50,,,a,
ASN00043060,20260101,PRCP,6,,,a,
ASN00043061,20260101,PRCP,14,,,a,
ASN00046115,20260101,PRCP,0,,,a,
ASN00046124,20260101,PRCP,0,,,a,
ASN00046126,20260101,TMAX,361,,,a,
ASN00046126,20260101,TMIN,223,,,a,
ASN00046126,20260101,PRCP,0,,,a,
ASN00046128,20260101,TMAX,345,,,a,
ASN00046128,20260101,TMIN,188,,,a,
ASN00046128,20260101,PRCP,0,,,a,
ASN00046129,20260101,TMAX,339,,,a,
ASN00046129,20260101,TMIN,201,,,a,
ASN00046129,20260101,PRCP,0,,,a,
ASN00046130,20260101,PRCP,0,,,a,
ASN00046131,20260101,PRCP,0,,,a,
ASN00047000,20260101,PRCP,0,,,a,
ASN00047013,20260101,PRCP,0,,,a,
ASN00047016,20260101,TMAX,320,,,a,
ASN00047016,20260101,TMIN,120,,,a,
ASN00047016,20260101,PRCP,0,,,a,
ASN00047019,20260101,PRCP,0,,,a,
ASN00047019,20260101,DATX,2,,,a,
ASN00047019,20260101,MDTX,315,,,a,
ASN00047022,20260101,PRCP,0,,,a,
ASN00047029,20260101,TMAX,320,,,a,
ASN00047029,20260101,TMIN,141,,,a,
ASN00047029,20260101,PRCP,0,,,a,
ASN00047033,20260101,PRCP,0,,,a,
ASN00047040,20260101,PRCP,0,,,a,
ASN00047046,20260101,PRCP,0,,,a,
ASN00047048,20260101,TMAX,311,,,a,
ASN00047048,20260101,TMIN,133,,,a,
ASN00047048,20260101,PRCP,0,,,a,
ASN00047053,20260101,PRCP,0,,,a,
ASN00047056,20260101,PRCP,0,,,a,
ASN00048115,20260101,PRCP,0,,,a,
ASN00039022,20260101,PRCP,0,,,a,
ASN00039036,20260101,PRCP,0,,,a,
ASN00039037,20260101,PRCP,0,,,a,
ASN00039040,20260101,PRCP,65,,,a,
ASN00039043,20260101,PRCP,0,,,a,
ASN00039044,20260101,PRCP,0,,,a,
ASN00039048,20260101,PRCP,0,,,a,
ASN00039049,20260101,PRCP,50,,,a,
ASN00039054,20260101,PRCP,0,,,a,
ASN00039059,20260101,TMAX,266,,,a,
ASN00039059,20260101,TMIN,238,,,a,
ASN00039059,20260101,PRCP,6,,,a,
ASN00039059,20260101,TAVG,251,H,,2,
ASN00039066,20260101,TMAX,296,,,a,
ASN00039066,20260101,TMIN,209,,,a,
ASN00039066,20260101,PRCP,14,,,a,
ASN00039067,20260101,PRCP,0,,,a,
ASN00039068,20260101,PRCP,0,,,a,
ASN00039070,20260101,PRCP,88,,,a,
ASN00039071,20260101,PRCP,0,,,a,
ASN00039073,20260101,PRCP,0,,,a,
ASN00039077,20260101,PRCP,0,,,a,
ASN00039083,20260101,TMAX,305,,,a,
ASN00039083,20260101,TMIN,229,,,a,
ASN00039083,20260101,PRCP,0,,,a,
ASN00043091,20260101,TMAX,332,,,a,
ASN00043091,20260101,TMIN,188,,,a,
ASN00043091,20260101,PRCP,146,,,a,
ASN00043093,20260101,PRCP,30,,,a,
ASN00043095,20260101,PRCP,12,,,a,
ASN00043097,20260101,PRCP,0,,,a,
ASN00043099,20260101,PRCP,16,,,a,
ASN00043100,20260101,PRCP,90,,,a,
ASN00043101,20260101,PRCP,30,,,a,
ASN00043102,20260101,PRCP,0,,,a,
ASN00043105,20260101,PRCP,40,,,a,
ASN00043106,20260101,PRCP,8,,,a,
ASN00043108,20260101,PRCP,12,,,a,
ASN00043109,20260101,TMAX,362,,,a,
ASN00043109,20260101,TMIN,183,,,a,
ASN00043109,20260101,PRCP,0,,,a,
ASN00044010,20260101,TMAX,380,,,a,
ASN00044010,20260101,TMIN,190,,,a,
ASN00044010,20260101,PRCP,30,,,a,
ASN00044013,20260101,PRCP,0,,,a,
ASN00044021,20260101,TMAX,349,,,a,
ASN00044021,20260101,TMIN,187,,,a,
ASN00044021,20260101,PRCP,12,,,a,
ASN00044026,20260101,TMAX,390,,,a,
ASN00044026,20260101,TMIN,209,,,a,
ASN00044026,20260101,PRCP,0,,,a,
ASN00044038,20260101,PRCP,104,,,a,
ASN00044040,20260101,PRCP,0,,,a,
ASN00044044,20260101,PRCP,0,,,a,
ASN00044045,20260101,PRCP,50,,,a,
ASN00044047,20260101,PRCP,0,,,a,
ASN00044054,20260101,PRCP,0,,,a,
ASN00044056,20260101,PRCP,0,,,a,
ASN00044057,20260101,PRCP,0,,,a,
ASN00044068,20260101,PRCP,0,,,a,
ASN00044070,20260101,PRCP,0,,,a,
ASN00044075,20260101,PRCP,70,,,a,
ASN00044111,20260101,PRCP,30,,,a,
ASN00044142,20260101,PRCP,0,,,a,
ASN00044154,20260101,PRCP,0,,,a,
ASN00044166,20260101,PRCP,0,,,a,
ASN00044174,20260101,PRCP,0,,,a,
ASN00044181,20260101,PRCP,0,,,a,
ASN00044208,20260101,PRCP,0,,,a,
ASN00044211,20260101,PRCP,46,,,a,
ASN00044212,20260101,PRCP,0,,,a,
ASN00044223,20260101,PRCP,64,,,a,
ASN00045003,20260101,PRCP,0,,,a,
ASN00045005,20260101,PRCP,0,,,a,
ASN00045009,20260101,TMAX,389,,,a,
ASN00045009,20260101,TMIN,231,,,a,
ASN00045009,20260101,PRCP,30,,,a,
ASN00045015,20260101,PRCP,0,,,a,
ASN00045022,20260101,PRCP,0,,,a,
ASN00045024,20260101,PRCP,0,,,a,
ASN00045025,20260101,TMAX,387,,,a,
ASN00045025,20260101,TMIN,233,,,a,
ASN00045025,20260101,PRCP,2,,,a,
ASN00045029,20260101,PRCP,0,,,a,
ASN00045057,20260101,PRCP,0,,,a,
ASN00046006,20260101,PRCP,0,,,a,
ASN00046012,20260101,TMAX,331,,,a,
ASN00046012,20260101,TMIN,142,,,a,
ASN00046012,20260101,PRCP,0,,,a,
ASN00046015,20260101,PRCP,0,,,a,
ASN00046022,20260101,PRCP,0,,,a,
ASN00046043,20260101,PRCP,0,,,a,
ASN00046052,20260101,PRCP,0,,,a,
ASN00050108,20260101,PRCP,0,,,a,
ASN00050110,20260101,PRCP,0,,,a,
ASN00050117,20260101,PRCP,0,,,a,
ASN00050119,20260101,PRCP,0,,,a,
ASN00050137,20260101,TMAX,344,,,a,
ASN00050137,20260101,TMIN,126,,,a,
ASN00050137,20260101,PRCP,0,,,a,
ASN00050139,20260101,PRCP,2,,,a,
ASN00050142,20260101,PRCP,0,,,a,
ASN00051008,20260101,PRCP,0,,,a,
ASN00051018,20260101,PRCP,0,,,a,
ASN00051034,20260101,PRCP,0,,,a,
ASN00051038,20260101,PRCP,0,,,a,
ASN00051039,20260101,PRCP,0,,,a,
ASN00051042,20260101,PRCP,0,,,a,
ASN00051049,20260101,TMAX,365,,,a,
ASN00051049,20260101,TMIN,145,,,a,
ASN00051049,20260101,PRCP,0,,,a,
ASN00051049,20260101,TAVG,262,H,,2,
ASN00051066,20260101,PRCP,10,,,a,
ASN00051122,20260101,PRCP,0,,,a,
ASN00051133,20260101,PRCP,0,,,a,
ASN00051160,20260101,PRCP,0,,,a,
ASN00051161,20260101,TMAX,376,,,a,
ASN00051161,20260101,TMIN,160,,,a,
ASN00051161,20260101,PRCP,0,,,a,
ASN00052016,20260101,PRCP,0,,,a,
ASN00052020,20260101,TMAX,385,,,a,
ASN00052020,20260101,PRCP,0,,,a,
ASN00052020,20260101,DATN,2,,,a,
ASN00052020,20260101,MDTN,186,,,a,
ASN00052023,20260101,PRCP,0,,,a,
ASN00052026,20260101,PRCP,0,,,a,
ASN00052067,20260101,PRCP,0,,,a,
ASN00052088,20260101,TMAX,389,,,a,
ASN00052088,20260101,TMIN,177,,,a,
ASN00052088,20260101,PRCP,0,,,a,
ASN00053002,20260101,PRCP,0,,,a,
ASN00053003,20260101,PRCP,0,,,a,
ASN00053018,20260101,PRCP,0,,,a,
ASN00053026,20260101,PRCP,0,,,a,
ASN00053033,20260101,PRCP,0,,,a,
ASN00053035,20260101,PRCP,0,,,a,
ASN00053041,20260101,PRCP,0,,,a,
ASN00053044,20260101,PRCP,0,,,a,
ASN00053073,20260101,PRCP,0,,,a,
ASN00053081,20260101,PRCP,0,,,a,
ASN00053085,20260101,PRCP,0,,,a,
ASN00053115,20260101,TMAX,366,,,a,
ASN00053115,20260101,TMIN,207,,,a,
ASN00053115,20260101,PRCP,0,,,a,
ASN00054000,20260101,PRCP,0,,,a,
ASN00054003,20260101,PRCP,0,,,a,
ASN00054003,20260101,DATX,2,,,a,
ASN00054003,20260101,MDTX,345,,,a,
ASN00054004,20260101,PRCP,0,,,a,
ASN00054027,20260101,PRCP,0,,,a,
ASN00054029,20260101,PRCP,0,,,a,
ASN00039089,20260101,TMAX,306,,,a,
ASN00039089,20260101,TMIN,221,,,a,
ASN00039089,20260101,PRCP,0,,,a,
ASN00039089,20260101,TAVG,237,H,,2,
ASN00039092,20260101,PRCP,0,,,a,
ASN00039095,20260101,PRCP,0,,,a,
ASN00039102,20260101,PRCP,0,,,a,
ASN00039106,20260101,PRCP,0,,,a,
ASN00039123,20260101,TMAX,314,,,a,
ASN00039123,20260101,TMIN,233,,,a,
ASN00039123,20260101,PRCP,0,,,a,
ASN00039123,20260101,TAVG,243,H,,2,
ASN00039128,20260101,TMAX,282,,,a,
ASN00039128,20260101,TMIN,207,,,a,
ASN00039128,20260101,PRCP,2,,,a,
ASN00039128,20260101,TAVG,248,H,,2,
ASN00039129,20260101,PRCP,0,,,a,
ASN00039135,20260101,PRCP,2,,,a,
ASN00039151,20260101,PRCP,0,,,a,
ASN00039158,20260101,PRCP,0,,,a,
ASN00039186,20260101,PRCP,0,,,a,
ASN00039201,20260101,PRCP,0,,,a,
ASN00039203,20260101,PRCP,0,,,a,
ASN00039205,20260101,PRCP,0,,,a,
ASN00039220,20260101,PRCP,0,,,a,
ASN00054038,20260101,TMAX,374,,,a,
ASN00054038,20260101,TMIN,225,,,a,
ASN00054038,20260101,PRCP,0,,,a,
ASN00054039,20260101,PRCP,0,,,a,
ASN00054046,20260101,PRCP,0,,,a,
ASN00054049,20260101,PRCP,0,,,a,
ASN00054073,20260101,PRCP,0,,,a,
ASN00054076,20260101,PRCP,0,,,a,
ASN00054078,20260101,PRCP,0,,,a,
ASN00054104,20260101,PRCP,0,,,a,
ASN00054104,20260101,DATX,2,,,a,
ASN00054104,20260101,MDTX,344,,,a,
ASN00054114,20260101,PRCP,0,,,a,
ASN00054117,20260101,PRCP,0,,,a,
ASN00054122,20260101,PRCP,0,,,a,
ASN00054124,20260101,PRCP,0,,,a,
ASN00054125,20260101,PRCP,0,,,a,
ASN00054128,20260101,PRCP,0,,,a,
ASN00054149,20260101,PRCP,0,,,a,
ASN00054151,20260101,PRCP,0,,,a,
ASN00054153,20260101,PRCP,0,,,a,
ASN00055000,20260101,PRCP,0,,,a,
ASN00055002,20260101,PRCP,0,,,a,
ASN00055003,20260101,PRCP,0,,,a,
ASN00055006,20260101,PRCP,0,,,a,
ASN00055014,20260101,PRCP,0,,,a,
ASN00055016,20260101,PRCP,0,,,a,
ASN00055024,20260101,TMAX,345,,,a,
ASN00055024,20260101,TMIN,177,,,a,
ASN00055024,20260101,PRCP,0,,,a,
ASN00055026,20260101,PRCP,4,,,a,
ASN00055041,20260101,PRCP,0,,,a,
ASN00055044,20260101,PRCP,0,,,a,
ASN00055046,20260101,PRCP,0,,,a,
ASN00055049,20260101,TMAX,325,,,a,
ASN00055049,20260101,TMIN,155,,,a,
ASN00055049,20260101,PRCP,0,,,a,
ASN00055053,20260101,PRCP,0,,,a,
ASN00055056,20260101,PRCP,10,,,a,
ASN00055057,20260101,PRCP,10,,,a,
ASN00055065,20260101,PRCP,0,,,a,
ASN00055066,20260101,PRCP,0,,,a,
ASN00055105,20260101,PRCP,0,,,a,
ASN00055118,20260101,PRCP,0,,,a,
ASN00055120,20260101,PRCP,0,,,a,
ASN00055136,20260101,TMAX,305,,,a,
ASN00055136,20260101,TMIN,135,,,a,
ASN00055136,20260101,PRCP,0,,,a,
ASN00055157,20260101,PRCP,0,,,a,
ASN00055164,20260101,PRCP,0,,,a,
ASN00055176,20260101,PRCP,0,,,a,
ASN00055183,20260101,PRCP,0,,,a,
ASN00055202,20260101,TMAX,358,,,a,
ASN00055202,20260101,TMIN,151,,,a,
ASN00055202,20260101,PRCP,0,,,a,
ASN00055220,20260101,PRCP,0,,,a,
ASN00055245,20260101,PRCP,0,,,a,
ASN00055254,20260101,PRCP,0,,,a,
ASN00055255,20260101,PRCP,0,,,a,
ASN00055257,20260101,PRCP,0,,,a,
ASN00055262,20260101,PRCP,0,,,a,
ASN00055276,20260101,PRCP,0,,,a,
ASN00055282,20260101,PRCP,0,,,a,
ASN00055303,20260101,PRCP,0,,,a,
ASN00055309,20260101,PRCP,0,,,a,
ASN00055311,20260101,PRCP,0,,,a,
ASN00055313,20260101,PRCP,0,,,a,
ASN00055321,20260101,PRCP,0,,,a,
ASN00055322,20260101,PRCP,0,,,a,
ASN00055325,20260101,TMAX,344,,,a,
ASN00055325,20260101,TMIN,151,,,a,
ASN00055325,20260101,PRCP,0,,,a,
ASN00055331,20260101,PRCP,0,,,a,
ASN00055336,20260101,PRCP,0,,,a,
ASN00056001,20260101,PRCP,0,,,a,
ASN00056006,20260101,PRCP,0,,,a,
ASN00056008,20260101,PRCP,0,,,a,
ASN00056009,20260101,PRCP,0,,,a,
ASN00056013,20260101,TMAX,278,,,a,
ASN00056013,20260101,TMIN,114,,,a,
ASN00056013,20260101,PRCP,0,,,a,
ASN00056016,20260101,PRCP,0,,,a,
ASN00056018,20260101,TMAX,320,,,a,
ASN00056018,20260101,TMIN,153,,,a,
ASN00040416,20260101,PRCP,30,,,a,
ASN00040424,20260101,PRCP,0,,,a,
ASN00040449,20260101,PRCP,120,,,a,
ASN00040455,20260101,PRCP,26,,,a,
ASN00040458,20260101,PRCP,0,,,a,
ASN00040463,20260101,PRCP,326,,,a,
ASN00040469,20260101,PRCP,382,,,a,
ASN00040478,20260101,PRCP,175,,,a,
ASN00040485,20260101,PRCP,114,,,a,
ASN00040486,20260101,PRCP,110,,,a,
ASN00040490,20260101,PRCP,32,,,a,
ASN00040493,20260101,PRCP,220,,,a,
ASN00040500,20260101,PRCP,84,,,a,
ASN00040503,20260101,PRCP,50,,,a,
ASN00040516,20260101,PRCP,20,,,a,
ASN00040517,20260101,PRCP,78,,,a,
ASN00040524,20260101,PRCP,0,,,a,
ASN00040550,20260101,PRCP,40,,,a,
ASN00039303,20260101,PRCP,52,,,a,
ASN00039314,20260101,TMAX,284,,,a,
ASN00039314,20260101,TMIN,237,,,a,
ASN00039314,20260101,PRCP,0,,,a,
ASN00039319,20260101,PRCP,0,,,a,
ASN00039321,20260101,PRCP,20,,,a,
ASN00039322,20260101,TMAX,281,,,a,
ASN00039322,20260101,TMIN,252,,,a,
ASN00039326,20260101,TMAX,295,,,a,
ASN00039326,20260101,TMIN,238,,,a,
ASN00039326,20260101,PRCP,0,,,a,
ASN00039328,20260101,PRCP,0,,,a,
ASN00039332,20260101,PRCP,0,,,a,
ASN00039334,20260101,PRCP,0,,,a,
ASN00039338,20260101,PRCP,0,,,a,
ASN00039339,20260101,PRCP,20,,,a,
ASN00039340,20260101,PRCP,0,,,a,
ASN00039341,20260101,PRCP,0,,,a,
ASN00039346,20260101,PRCP,0,,,a,
ASN00039349,20260101,PRCP,0,,,a,
ASN00040004,20260101,TMAX,313,,,a,
ASN00040004,20260101,TMIN,190,,,a,
ASN00040004,20260101,PRCP,96,,,a,
ASN00040020,20260101,PRCP,130,,,a,
ASN00047078,20260101,PRCP,0,,,a,
ASN00047104,20260101,PRCP,0,,,a,
ASN00047105,20260101,PRCP,0,,,a,
ASN00047106,20260101,PRCP,0,,,a,
ASN00048015,20260101,TMAX,378,,,a,
ASN00048015,20260101,TMIN,154,,,a,
ASN00048015,20260101,PRCP,0,,,a,
ASN00048018,20260101,PRCP,0,,,a,
ASN00040026,20260101,PRCP,12,,,a,
ASN00040028,20260101,PRCP,86,,,a,
ASN00040042,20260101,PRCP,80,,,a,
ASN00040043,20260101,TMAX,276,,,a,
ASN00040043,20260101,TMIN,192,,,a,
ASN00040043,20260101,PRCP,62,,,a,
ASN00040051,20260101,PRCP,170,,,a,
ASN00040056,20260101,PRCP,0,,,a,
ASN00040068,20260101,TMAX,284,,,a,
ASN00040068,20260101,TMIN,218,,,a,
ASN00040068,20260101,PRCP,0,,,a,
ASN00040068,20260101,TAVG,246,H,,2,
ASN00040071,20260101,PRCP,0,,,a,
ASN00040082,20260101,TMAX,312,,,a,
ASN00040082,20260101,TMIN,190,,,a,
ASN00040082,20260101,PRCP,186,,,a,
ASN00040082,20260101,TAVG,248,H,,2,
ASN00040083,20260101,PRCP,245,,,a,
ASN00058006,20260101,PRCP,0,,,a,
ASN00058012,20260101,TMAX,283,,,a,
ASN00058012,20260101,TMIN,212,,,a,
ASN00058012,20260101,PRCP,0,,,a,
ASN00058016,20260101,PRCP,0,,,a,
ASN00058019,20260101,PRCP,14,,,a,
ASN00058020,20260101,PRCP,28,,,a,
ASN00058023,20260101,PRCP,4,,,a,
ASN00058027,20260101,PRCP,2,,,a,
ASN00058028,20260101,PRCP,0,,,a,
ASN00058036,20260101,PRCP,30,,,a,
ASN00058040,20260101,PRCP,10,,,a,
ASN00058045,20260101,PRCP,14,,,a,
ASN00058056,20260101,PRCP,22,,,a,
ASN00058059,20260101,PRCP,0,,,a,
ASN00048168,20260101,PRCP,0,,,a,
ASN00048237,20260101,TMAX,344,,,a,
ASN00048237,20260101,TMIN,110,,,a,
ASN00048237,20260101,PRCP,0,,,a,
ASN00048243,20260101,PRCP,0,,,a,
ASN00048243,20260101,DATX,3,,,a,
ASN00048243,20260101,MDTX,385,,,a,
ASN00048245,20260101,TMAX,377,,,a,
ASN00048245,20260101,TMIN,224,,,a,
ASN00048245,20260101,PRCP,0,,,a,
ASN00049000,20260101,TMAX,324,,,a,
ASN00049000,20260101,TMIN,132,,,a,
ASN00049000,20260101,PRCP,0,,,a,
ASN00049002,20260101,TMIN,106,,,a,
ASN00049002,20260101,PRCP,0,,,a,
ASN00049045,20260101,PRCP,0,,,a,
ASN00049049,20260101,PRCP,0,,,a,
ASN00049055,20260101,PRCP,0,,,a,
ASN00049061,20260101,PRCP,0,,,a,
ASN00049063,20260101,PRCP,0,,,a,
ASN00049092,20260101,PRCP,0,,,a,
ASN00049103,20260101,PRCP,0,,,a,
ASN00056023,20260101,PRCP,54,,,a,
ASN00056028,20260101,PRCP,0,,,a,
ASN00056032,20260101,TMAX,274,,,a,
ASN00056032,20260101,TMIN,109,,,a,
ASN00056032,20260101,PRCP,0,,,a,
ASN00056033,20260101,PRCP,0,,,a,
ASN00056034,20260101,PRCP,0,,,a,
ASN00056037,20260101,TMAX,270,,,a,
ASN00056037,20260101,TMIN,116,,,a,
ASN00056037,20260101,PRCP,0,,,a,
ASN00056038,20260101,PRCP,54,,,a,
ASN00056052,20260101,PRCP,0,,,a,
ASN00056057,20260101,PRCP,0,,,a,
ASN00056077,20260101,PRCP,0,,,a,
ASN00056083,20260101,PRCP,0,,,a,
ASN00058137,20260101,PRCP,20,,,a,
ASN00058141,20260101,PRCP,32,,,a,
ASN00058158,20260101,TMAX,295,,,a,
ASN00058158,20260101,TMIN,185,,,a,
ASN00058158,20260101,PRCP,20,,,a,
ASN00058161,20260101,TMAX,299,,,a,
ASN00058161,20260101,TMIN,172,,,a,
ASN00058161,20260101,PRCP,0,,,a,
ASN00058162,20260101,PRCP,0,,,a,
ASN00058171,20260101,PRCP,8,,,a,
ASN00058186,20260101,PRCP,20,,,a,
ASN00058193,20260101,PRCP,20,,,a,
ASN00058194,20260101,PRCP,70,,,a,
ASN00058198,20260101,TMAX,286,,,a,
ASN00058198,20260101,TMIN,200,,,a,
ASN00058198,20260101,PRCP,4,,,a,
ASN00058199,20260101,PRCP,0,,,a,
ASN00058201,20260101,PRCP,0,,,a,
ASN00058202,20260101,PRCP,0,,,a,
ASN00058204,20260101,PRCP,20,,,a,
ASN00058206,20260101,PRCP,0,,,a,
ASN00058207,20260101,PRCP,6,,,a,
ASN00058208,20260101,TMAX,321,,,a,
ASN00058208,20260101,TMIN,179,,,a,
ASN00058208,20260101,PRCP,2,,,a,
ASN00058214,20260101,TMAX,304,,,a,
ASN00058214,20260101,TMIN,181,,,a,
ASN00058214,20260101,PRCP,0,,,a,
ASN00058216,20260101,TMAX,311,,,a,
ASN00058216,20260101,TMIN,206,,,a,
ASN00058216,20260101,PRCP,4,,,a,
ASN00058222,20260101,PRCP,0,,,a,
ASN00059002,20260101,PRCP,0,,,a,
ASN00059006,20260101,PRCP,8,,,a,
ASN00059007,20260101,TMAX,278,,,a,
ASN00059007,20260101,TMIN,160,,,a,
ASN00059007,20260101,PRCP,0,,,a,
ASN00059009,20260101,PRCP,20,,,a,
ASN00059019,20260101,PRCP,48,,,a,
ASN00059032,20260101,PRCP,0,,,a,
ASN00059047,20260101,PRCP,0,,,a,
ASN00059054,20260101,PRCP,6,,,a,
ASN00059070,20260101,PRCP,0,,,a,
ASN00059078,20260101,PRCP,0,,,a,
ASN00059122,20260101,PRCP,0,,,a,
ASN00059124,20260101,PRCP,10,,,a,
ASN00059131,20260101,PRCP,0,,,a,
ASN00059138,20260101,PRCP,0,,,a,
ASN00059139,20260101,PRCP,10,,,a,
ASN00059140,20260101,TMAX,216,,,a,
ASN00059140,20260101,TMIN,132,,,a,
ASN00059140,20260101,PRCP,10,,,a,
ASN00060002,20260101,PRCP,0,,,a,
ASN00060013,20260101,PRCP,0,,,a,
ASN00060015,20260101,PRCP,0,,,a,
ASN00060021,20260101,PRCP,0,,,a,
ASN00060024,20260101,PRCP,0,,,a,
ASN00060033,20260101,PRCP,0,,,a,
ASN00060036,20260101,PRCP,0,,,a,
ASN00060042,20260101,PRCP,0,,,a,
ASN00060046,20260101,PRCP,0,,,a,
ASN00060052,20260101,PRCP,0,,,a,
ASN00061192,20260101,PRCP,0,,,a,
ASN00061195,20260101,PRCP,0,,,a,
ASN00061205,20260101,PRCP,0,,,a,
ASN00061209,20260101,PRCP,0,,,a,
ASN00061211,20260101,PRCP,0,,,a,
ASN00061217,20260101,PRCP,10,,,a,
ASN00061220,20260101,PRCP,0,,,a,
ASN00061226,20260101,PRCP,0,,,a,
ASN00061250,20260101,TMAX,282,,,a,
ASN00061250,20260101,TMIN,156,,,a,
ASN00061250,20260101,PRCP,0,,,a,
ASN00061260,20260101,TMAX,253,,,a,
ASN00061260,20260101,TMIN,121,,,a,
ASN00061260,20260101,PRCP,0,,,a,
ASN00061268,20260101,PRCP,0,,,a,
ASN00061270,20260101,PRCP,0,,,a,
ASN00061287,20260101,TMAX,306,,,a,
ASN00061287,20260101,TMIN,136,,,a,
ASN00061287,20260101,PRCP,0,,,a,
ASN00061288,20260101,PRCP,0,,,a,
ASN00061288,20260101,DATX,2,,,a,
ASN00061288,20260101,MDTX,280,,,a,
ASN00061290,20260101,PRCP,0,,,a,
ASN00061294,20260101,PRCP,50,,,a,
ASN00061309,20260101,PRCP,0,,,a,
ASN00061315,20260101,PRCP,0,,,a,
ASN00061329,20260101,PRCP,0,,,a,
ASN00061334,20260101,PRCP,0,,,a,
ASN00061336,20260101,PRCP,0,,,a,
ASN00061346,20260101,PRCP,0,,,a,
ASN00061349,20260101,PRCP,0,,,a,
ASN00061350,20260101,PRCP,0,,,a,
ASN00061360,20260101,PRCP,0,,,a,
ASN00061363,20260101,TMAX,316,,,a,
ASN00061363,20260101,TMIN,142,,,a,
ASN00061363,20260101,PRCP,2,,,a,
ASN00061366,20260101,TMAX,206,,,a,
ASN00061366,20260101,TMIN,185,,,a,
ASN00061366,20260101,PRCP,2,,,a,
ASN00061373,20260101,PRCP,6,,,a,
ASN00061375,20260101,TMAX,186,,,a,
ASN00061375,20260101,TMIN,135,,,a,
ASN00061375,20260101,PRCP,4,,,a,
ASN00061377,20260101,PRCP,0,,,a,
ASN00061382,20260101,PRCP,10,,,a,
ASN00061387,20260101,PRCP,0,,,a,
ASN00061392,20260101,TMAX,275,,,a,
ASN00061392,20260101,TMIN,133,,,a,
ASN00061392,20260101,PRCP,2,,,a,
ASN00061405,20260101,PRCP,0,,,a,
ASN00061406,20260101,PRCP,0,,,a,
ASN00062009,20260101,PRCP,0,,,a,
ASN00062021,20260101,PRCP,0,,,a,
ASN00062029,20260101,PRCP,0,,,a,
ASN00062032,20260101,PRCP,10,,,a,
ASN00062036,20260101,PRCP,8,,,a,
ASN00062075,20260101,PRCP,0,,,a,
ASN00062093,20260101,PRCP,0,,,a,
ASN00062100,20260101,TMAX,188,,,a,
ASN00062100,20260101,TMIN,102,,,a,
ASN00062100,20260101,PRCP,0,,,a,
ASN00062101,20260101,TMAX,298,,,a,
ASN00062101,20260101,TMIN,158,,,a,
ASN00062101,20260101,PRCP,2,,,a,
ASN00063012,20260101,PRCP,6,,,a,
ASN00063022,20260101,PRCP,0,,,a,
ASN00063028,20260101,PRCP,70,,,a,
ASN00063032,20260101,PRCP,10,,,a,
ASN00063039,20260101,TMAX,128,,,a,
ASN00063039,20260101,TMIN,110,,,a,
ASN00063039,20260101,PRCP,78,,,a,
ASN00063043,20260101,PRCP,22,,,a,
ASN00063061,20260101,PRCP,24,,,a,
ASN00063071,20260101,PRCP,0,,,a,
ASN00063076,20260101,PRCP,4,,,a,
ASN00063081,20260101,PRCP,50,,,a,
ASN00063093,20260101,PRCP,46,,,a,
ASN00063113,20260101,PRCP,0,,,a,
ASN00063114,20260101,PRCP,24,,,a,
ASN00063117,20260101,PRCP,0,,,a,
ASN00063118,20260101,PRCP,18,,,a,
ASN00063132,20260101,PRCP,8,,,a,
ASN00063142,20260101,PRCP,24,,,a,
ASN00063146,20260101,PRCP,30,,,a,
ASN00063214,20260101,PRCP,0,,,a,
ASN00063226,20260101,TMAX,162,,,a,
ASN00063226,20260101,TMIN,128,,,a,
ASN00063226,20260101,PRCP,52,,,a,
ASN00063234,20260101,PRCP,0,,,a,
ASN00063245,20260101,PRCP,0,,,a,
ASN00063246,20260101,PRCP,10,,,a,
ASN00063270,20260101,PRCP,112,,,a,
ASN00063271,20260101,PRCP,0,,,a,
ASN00063283,20260101,PRCP,60,,,a,
ASN00063290,20260101,PRCP,0,,,a,
ASN00063291,20260101,TMAX,258,,,a,
ASN00063291,20260101,TMIN,130,,,a,
ASN00063291,20260101,PRCP,0,,,a,
ASN00063292,20260101,TMAX,141,,,a,
ASN00063292,20260101,TMIN,110,,,a,
ASN00063292,20260101,PRCP,88,,,a,
ASN00063293,20260101,PRCP,120,,,a,
ASN00063295,20260101,PRCP,110,,,a,
ASN00063297,20260101,PRCP,20,,,a,
ASN00063298,20260101,PRCP,140,,,a,
ASN00063303,20260101,TMAX,258,,,a,
ASN00063303,20260101,TMIN,108,,,a,
ASN00063303,20260101,PRCP,0,,,a,
ASN00066137,20260101,TMAX,218,,,a,
ASN00066137,20260101,TMIN,169,,,a,
ASN00066137,20260101,PRCP,18,,,a,
ASN00066142,20260101,PRCP,30,,,a,
ASN00066148,20260101,PRCP,40,,,a,
ASN00066160,20260101,PRCP,50,,,a,
ASN00066176,20260101,PRCP,90,,,a,
ASN00066194,20260101,TMAX,205,,,a,
ASN00066194,20260101,TMIN,170,,,a,
ASN00066194,20260101,PRCP,58,,,a,
ASN00066196,20260101,TMAX,203,,,a,
ASN00066196,20260101,TMIN,185,,,a,
ASN00067014,20260101,PRCP,14,,,a,
ASN00067015,20260101,PRCP,0,,,a,
ASN00067019,20260101,PRCP,10,,,a,
ASN00067021,20260101,PRCP,0,,,a,
ASN00067023,20260101,PRCP,22,,,a,
ASN00067026,20260101,PRCP,70,,,a,
ASN00067061,20260101,PRCP,0,,,a,
ASN00067105,20260101,TMAX,213,,,a,
ASN00067105,20260101,TMIN,164,,,a,
ASN00067105,20260101,PRCP,10,,,a,
ASN00067108,20260101,TMAX,214,,,a,
ASN00067108,20260101,TMIN,153,,,a,
ASN00067108,20260101,PRCP,2,,,a,
ASN00067109,20260101,PRCP,15,,,a,
ASN00067110,20260101,PRCP,0,,,a,
ASN00067111,20260101,PRCP,25,,,a,
ASN00067112,20260101,PRCP,15,,,a,
ASN00067113,20260101,TMAX,214,,,a,
ASN00067113,20260101,TMIN,175,,,a,
ASN00067113,20260101,PRCP,2,,,a,
ASN00067114,20260101,PRCP,0,,,a,
ASN00067119,20260101,TMAX,210,,,a,
ASN00067119,20260101,TMIN,154,,,a,
ASN00067119,20260101,PRCP,0,,,a,
ASN00068000,20260101,PRCP,0,,,a,
ASN00068003,20260101,PRCP,30,,,a,
ASN00068007,20260101,PRCP,6,,,a,
ASN00068008,20260101,PRCP,3,,,a,
ASN00068024,20260101,PRCP,30,,,a,
ASN00068035,20260101,PRCP,84,,,a,
ASN00068053,20260101,TMAX,200,H,,2,
ASN00068053,20260101,TMIN,173,H,,2,
ASN00068053,20260101,TAVG,187,H,,2,
ASN00068072,20260101,TMAX,210,,,a,
ASN00068072,20260101,TMIN,149,,,a,
ASN00068072,20260101,PRCP,20,,,a,
ASN00068080,20260101,PRCP,46,,,a,
ASN00068083,20260101,PRCP,40,,,a,
ASN00068088,20260101,PRCP,160,,,a,
ASN00068125,20260101,PRCP,14,,,a,
ASN00068151,20260101,TMAX,199,,,a,
ASN00068151,20260101,TMIN,161,,,a,
ASN00068151,20260101,PRCP,66,,,a,
ASN00068159,20260101,PRCP,0,,,a,
ASN00068160,20260101,PRCP,0,,,a,
ASN00068181,20260101,PRCP,0,,,a,
ASN00068192,20260101,TMAX,211,,,a,